id,file,action,stamps_before,faces_covered_before,stamps_after,faces,faces_covered_after,logo_width_frac,logo_cx,logo_cy,w,h,kb
1,keif-aldiafa-event-aljar-marina-madinah-chamber-reception-qahwaji-dates.webp,restored,1,0,1,1,0,,,,703,1200,59
2,keif-aldiafa-event-hajj-conference-exhibition-vision-2030-qahwaji-jeddah.webp,restored,1,0,1,1,0,,,,900,1200,118
3,keif-aldiafa-event-ibn-sina-national-college-medical-qahwaji-hostess-expo.webp,restored,1,0,1,1,0,,,,759,1200,54
4,keif-aldiafa-event-jeddah-municipality-national-day-94-qahwaji-arabic-coffee.webp,rebuilt-1-center,2,0,1,1,0,0.34,0.5,0.61,720,1178,68
5,keif-aldiafa-event-king-salman-chair-history-heritage-tent-four-qahwajiin.webp,rebuilt-1-center,2,2,1,3,0,0.28,0.64,0.65,1200,675,96
6,keif-aldiafa-event-madinah-municipality-jeddah-chamber-exhibition-vip-reception.webp,restored,1,0,1,2,0,,,,690,1200,118
7,keif-aldiafa-event-makkah-halal-forum-qahwaji-lounge-coffee-dates.webp,rebuilt-1-center,1,0,1,1,0,0.28,0.5,0.58,1200,900,85
8,keif-aldiafa-event-ministry-of-hajj-umrah-hafawah-qahwaji-coffee-dates.webp,restored,1,0,1,2,0,,,,900,1200,70
9,keif-aldiafa-event-ministry-of-media-qahwaji-golden-dallah-booth.webp,rebuilt-1-center,1,1,1,1,0,0.34,0.5,0.75,900,1200,62
10,keif-aldiafa-event-ministry-of-transport-tga-mawani-qahwaji-arabic-coffee-exhibition.webp,restored,1,0,1,3,0,,,,720,1178,108
11,keif-aldiafa-event-official-vip-reception-hall-saudi-emblem-qahwajiin-incense.webp,restored,1,0,1,2,0,,,,681,1200,122
12,keif-aldiafa-event-saudi-electricity-company-anti-corruption-day-qahwajiin-coffee-stand.webp,restored,1,0,1,2,0,,,,720,1178,91
13,keif-aldiafa-event-saudi-national-day-92-carved-watermelon-banquet-hall.webp,restored,1,0,1,1,0,,,,1200,900,133
14,keif-aldiafa-event-saudia-awqaf-exhibition-qahwaji-floral-reception.webp,restored,1,0,1,7,0,,,,703,1200,158
15,keif-aldiafa-event-saudia-group-cybersecurity-awareness-qahwaji-arabic-coffee.webp,restored,1,0,1,1,0,,,,900,1200,127
16,keif-aldiafa-event-turkish-pilgrims-affairs-office-alrifadah-qahwaji-exhibition.webp,restored,1,0,1,1,0,,,,900,1200,86
17,keif-aldiafa-event-umm-al-qura-university-investment-booth-qahwaji-1.webp,rebuilt-1-center,1,0,1,1,0,0.34,0.5,0.61,720,1178,102
18,keif-aldiafa-event-umm-al-qura-university-investment-booth-qahwaji-2.webp,rebuilt-1-center,1,0,1,2,0,0.34,0.5,0.61,720,1178,98
19,keif-aldiafa-event-75-years-heritage-company-qahwaji-dates-palm-display-1.webp,rebuilt-1-center,2,0,1,1,0,0.34,0.5,0.61,675,1200,205
20,keif-aldiafa-event-75-years-heritage-company-qahwaji-dates-palm-display-2.webp,rebuilt-1-center,1,0,1,1,0,0.34,0.5,0.61,675,1200,197
21,keif-aldiafa-event-adidas-hackett-london-store-mirror-photo-booth.webp,rebuilt-1-center,2,0,1,1,0,0.34,0.5,0.61,718,1200,129
22,keif-aldiafa-event-ajdal-jeddah-alinma-investment-qahwaji-exhibition.webp,rebuilt-1-center,1,1,1,3,0,0.34,0.5,0.82,900,1200,95
23,keif-aldiafa-event-al-amjaad-trading-manufacturing-vip-welcome-qahwajiin.webp,restored,1,0,1,2,0,,,,720,1140,70
24,keif-aldiafa-event-al-borg-diagnostics-labs-qahwaji-dates-coffee-1.webp,rebuilt-1-center,1,0,1,2,0,0.34,0.5,0.61,900,1200,154
25,keif-aldiafa-event-al-borg-diagnostics-labs-qahwaji-dates-coffee-2.webp,rebuilt-1-center,1,0,1,1,0,0.34,0.5,0.61,900,1200,178
26,keif-aldiafa-event-al-borg-diagnostics-labs-qahwaji-dates-coffee-3.webp,rebuilt-1-center,1,0,1,1,0,0.34,0.5,0.61,900,1200,154
27,keif-aldiafa-event-al-miftah-showroom-qahwaji-dallah.webp,rebuilt-1-center,1,1,1,1,0,0.34,0.5,0.68,900,1200,45
28,keif-aldiafa-event-al-rayyan-al-makkiya-hotels-sadaa-qahwaji-exhibition.webp,rebuilt-1-center,1,0,1,1,0,0.34,0.5,0.61,900,1200,110
29,keif-aldiafa-event-al-safeer-watania-qahwaji-hostess-exhibition.webp,rebuilt-1-center,1,2,1,2,0,0.28,0.24,0.58,1200,903,94
30,keif-aldiafa-event-al-wessam-transport-exhibition-booth-qahwaji.webp,rebuilt-1-center,1,1,1,1,0,0.34,0.5,0.68,675,1200,138
31,keif-aldiafa-event-alinma-kayan-qahwaji-dallah-exhibition.webp,rebuilt-1-center,1,1,1,4,0,0.34,0.5,0.45,900,1200,130
32,keif-aldiafa-event-almana-medical-group-qahwaji-booth-wide-3.webp,rebuilt-1-center,0,0,1,1,0,0.34,0.5,0.68,960,1200,62
33,keif-aldiafa-event-almana-medical-group-qahwaji-exhibition-1.webp,restored,1,0,1,1,0,,,,900,1200,50
34,keif-aldiafa-event-almana-medical-group-qahwaji-pouring-coffee-2.webp,restored,1,0,1,1,0,,,,960,1200,58
35,keif-aldiafa-event-alrifadah-pilgrims-services-qahwaji-exhibition.webp,rebuilt-1-center,1,0,1,1,0,0.34,0.5,0.61,900,1200,71
36,keif-aldiafa-event-alwagehat-algharbiya-contracting-qahwaji-dates.webp,rebuilt-1-center,1,1,1,4,0,0.34,0.5,0.75,675,1200,106
37,keif-aldiafa-event-amak-mining-company-qahwaji-exhibition.webp,restored,1,0,1,1,0,,,,900,1200,74
38,keif-aldiafa-event-amjad-alsalam-hotels-qahwaji-exhibition.webp,rebuilt-1-center,1,0,1,6,0,0.34,0.5,0.61,900,1200,120
39,keif-aldiafa-event-anjum-hotel-makkah-qahwaji-exhibition.webp,rebuilt-1-center,1,0,1,2,0,0.34,0.5,0.61,900,1200,112
40,keif-aldiafa-event-basma-emaar-group-umrah-exhibition-qahwaji.webp,rebuilt-1-center,1,0,1,4,0,0.34,0.5,0.61,720,1178,135
41,keif-aldiafa-event-bci-basic-chemical-industries-qahwaji-dates-exhibition.webp,rebuilt-1-center,1,0,1,1,0,0.34,0.5,0.61,900,1200,68
42,keif-aldiafa-event-bolt-jeddah-chamber-exhibition-two-qahwajiin-coffee-dates.webp,restored,1,0,1,4,0,,,,675,1200,95
43,keif-aldiafa-event-bon-cafe-qahwaji-black-daglah-exhibition.webp,rebuilt-1-center,1,1,1,2,0,0.34,0.5,0.68,900,1200,85
44,keif-aldiafa-event-brunello-cucinelli-de-beers-mall-qahwaji-red-shemagh.webp,rebuilt-1-center,1,0,1,1,0,0.28,0.5,0.58,1200,675,75
45,keif-aldiafa-event-dallah-albaraka-namaa-qahwaji-exhibition-1.webp,rebuilt-1-center,1,1,1,1,0,0.34,0.5,0.68,900,1200,106
46,keif-aldiafa-event-dallah-albaraka-qahwaji-exhibition-2.webp,rebuilt-1-center,1,0,1,1,0,0.34,0.5,0.61,900,1200,65
47,keif-aldiafa-event-dallah-albaraka-qahwaji-exhibition-3.webp,rebuilt-1-center,1,1,1,1,0,0.34,0.5,0.68,900,1200,58
48,keif-aldiafa-event-dallah-albaraka-qahwaji-pouring-coffee-4.webp,rebuilt-1-center,1,0,1,2,0,0.34,0.5,0.68,674,1200,78
49,keif-aldiafa-event-dallah-haj-transport-booth-qahwaji.webp,rebuilt-1-center,1,0,1,2,0,0.34,0.5,0.61,727,1200,67
50,keif-aldiafa-event-dallah-taibah-hotel-madinah-qahwaji-exhibition.webp,rebuilt-1-center,1,0,1,2,0,0.34,0.5,0.61,900,1200,127
51,keif-aldiafa-event-dareen-travel-agency-qahwaji-exhibition.webp,rebuilt-1-center,1,1,1,2,0,0.34,0.5,0.68,900,1200,81
52,keif-aldiafa-event-dawood-trading-company-lobby-qahwaji-golden-dallah.webp,restored,1,0,1,1,0,,,,675,1200,87
53,keif-aldiafa-event-dragon-city-jeddah-grand-opening-qahwajiin-stage-1.webp,rebuilt-1-center,1,3,1,3,0,0.34,0.5,0.75,900,1200,109
54,keif-aldiafa-event-dragon-city-jeddah-grand-opening-two-qahwajiin-red-carpet-2.webp,rebuilt-1-center,1,0,1,2,0,0.34,0.5,0.61,900,1200,96
55,keif-aldiafa-event-flyadeal-airline-booth-qahwaji-arabic-coffee.webp,rebuilt-1-center,2,0,1,1,0,0.34,0.5,0.61,691,1200,52
56,keif-aldiafa-event-foot-locker-adidas-red-sea-mall-photo-mirror-customers.webp,rebuilt-1-center,1,0,1,1,0,0.34,0.5,0.61,900,1200,134
57,keif-aldiafa-event-foot-locker-american-eagle-national-day-printed-tote-bags.webp,restored,1,0,1,2,0,,,,900,1200,102
58,keif-aldiafa-event-foot-locker-new-balance-coffee-kiosk-qahwaji-1.webp,rebuilt-1-center,1,2,1,4,0,0.34,0.36,0.68,900,1200,129
59,keif-aldiafa-event-foot-locker-new-balance-coffee-kiosk-qahwaji-2.webp,rebuilt-1-center,1,1,1,3,0,0.34,0.36,0.61,900,1200,128
60,keif-aldiafa-event-foot-locker-store-arabic-calligraphy-station.webp,rebuilt-1-center,1,0,1,1,0,0.34,0.5,0.61,900,1200,149
61,keif-aldiafa-event-gaib-furniture-arabic-calligrapher-tote-bag.webp,restored,1,0,1,0,0,,,,828,928,41
62,keif-aldiafa-event-gaib-furniture-calligrapher-writing-sarah-tote-2.webp,rebuilt-1-center,0,0,1,0,0,0.34,0.5,0.61,828,928,44
63,keif-aldiafa-event-glory-of-luxury-dar-alfakhama-booth-qahwaji.webp,restored,1,0,1,1,0,,,,720,1178,84
64,keif-aldiafa-event-hafil-transport-exhibition-booth-qahwaji.webp,rebuilt-1-center,1,0,1,1,0,0.34,0.5,0.61,720,1178,99
65,keif-aldiafa-event-hilmuna-al-ghalya-wall-qahwaji-black-daglah.webp,rebuilt-1-center,0,0,1,1,0,0.34,0.5,0.61,675,1200,63
66,keif-aldiafa-event-iconica-boutique-opening-mall-qahwaji.webp,rebuilt-1-center,1,0,1,0,0,0.28,0.5,0.58,1200,903,62
67,keif-aldiafa-event-ishraq-almadina-mias-sunrise-hotels-axiscare-qahwaji.webp,restored,1,0,1,1,0,,,,900,1200,107
68,keif-aldiafa-event-jeddah-central-development-company-qahwaji-vip-guests.webp,rebuilt-1-center,1,1,1,6,0,0.28,0.5,0.72,638,570,38
69,keif-aldiafa-event-luxury-menswear-boutique-qahwaji-coffee-sweets.webp,rebuilt-1-center,1,0,1,1,0,0.34,0.5,0.61,900,1200,102
70,keif-aldiafa-event-makkah-hotel-towers-mcdc-qahwaji-exhibition-1.webp,restored,1,0,1,1,0,,,,900,1200,82
71,keif-aldiafa-event-makkah-hotel-towers-mcdc-qahwaji-pouring-coffee-2.webp,restored,1,0,1,1,0,,,,678,1200,48
72,keif-aldiafa-event-makkiyoon-golden-qahwaji-exhibition-makkah.webp,restored,1,0,1,1,0,,,,900,1200,127
73,keif-aldiafa-event-manasik-almashaer-ghufranak-qahwaji-hajj-expo-1.webp,restored,1,0,1,1,0,,,,900,1200,86
74,keif-aldiafa-event-manasik-almashaer-ghufranak-qahwaji-hajj-expo-2.webp,restored,1,0,1,1,0,,,,900,1200,81
75,keif-aldiafa-event-millennium-hotels-resorts-qahwaji-exhibition.webp,restored,1,0,1,1,0,,,,900,1200,91
76,keif-aldiafa-event-nahda-park-view-113-real-estate-qahwaji-jeddah.webp,rebuilt-1-center,1,1,1,1,0,0.34,0.5,0.75,900,1200,82
77,keif-aldiafa-event-najeeb-auto-jimny-ksa-club-qahwaji-dates.webp,rebuilt-1-center,1,0,1,4,0,0.34,0.5,0.61,540,1200,60
78,keif-aldiafa-event-najeeb-auto-suzuki-showroom-qahwaji-dates-palm-counter-3.webp,restored,1,0,1,1,0,,,,900,1200,77
79,keif-aldiafa-event-nayifat-finance-qahwaji-exhibition.webp,rebuilt-1-center,1,0,1,4,0,0.34,0.5,0.61,903,1200,132
80,keif-aldiafa-event-new-balance-kiehls-store-interactive-photo-mirror.webp,rebuilt-1-center,1,0,1,3,0,0.34,0.5,0.61,675,1200,85
81,keif-aldiafa-event-omoda-c5-car-launch-mirror-photo-booth.webp,restored,1,0,1,3,0,,,,900,1200,161
82,keif-aldiafa-event-osus-alinsha-contracting-qahwaji-exhibition.webp,rebuilt-1-center,1,1,1,2,0,0.34,0.5,0.75,900,1200,104
83,keif-aldiafa-event-rawahel-almashaer-pilgrims-qahwaji-exhibition.webp,restored,1,0,1,1,0,,,,675,1200,73
84,keif-aldiafa-event-safwat-alshaaer-pilgrims-services-qahwaji-hajj-expo.webp,rebuilt-1-center,2,3,1,4,0,0.34,0.5,0.61,720,870,87
85,keif-aldiafa-event-shs-saja-hospitality-solutions-exhibition-qahwaji.webp,restored,1,0,1,5,0,,,,720,1178,121
86,keif-aldiafa-event-suzuki-najeeb-auto-showroom-qahwaji-balloon-arch-1.webp,restored,1,0,1,1,0,,,,900,1200,71
87,keif-aldiafa-event-suzuki-najeeb-auto-showroom-qahwaji-red-thobe-dates-palm-2.webp,restored,1,0,1,1,0,,,,675,1200,80
88,keif-aldiafa-event-takween-alwatan-support-services-qahwaji-exhibition.webp,rebuilt-1-center,1,1,1,3,0,0.34,0.5,0.75,675,1200,88
89,keif-aldiafa-event-tawkeel-umrah-qahwaji-dates-sweets-exhibition-1.webp,rebuilt-1-center,1,0,1,1,0,0.34,0.5,0.61,675,1200,118
90,keif-aldiafa-event-tawkeel-umrah-qahwaji-pouring-coffee-2.webp,restored,1,0,1,1,0,,,,675,1200,96
91,keif-aldiafa-event-the-private-aviation-company-booth-qahwaji-1.webp,restored,1,0,1,1,0,,,,720,1178,79
92,keif-aldiafa-event-the-private-aviation-company-booth-qahwaji-2.webp,restored,1,0,1,1,0,,,,720,1166,123
93,keif-aldiafa-event-york-hvac-company-lobby-qahwaji-dates-sweets-2.webp,restored,1,0,1,1,0,,,,554,1200,70
94,keif-aldiafa-event-york-hvac-showroom-qahwaji-dates-coffee.webp,restored,1,0,1,2,0,,,,900,1200,164
95,keif-aldiafa-event-mavera-hall-jeddah-incense-mabkhara-server-1.webp,rebuilt-1-center,1,1,1,1,0,0.34,0.5,0.61,864,1184,80
96,keif-aldiafa-event-mavera-hall-jeddah-incense-mabkhara-server-2.webp,restored,1,0,1,1,0,,,,900,1200,88
97,keif-aldiafa-golden-backlit-outdoor-coffee-bar-night-dallahs-incense.webp,rebuilt-1-center,1,0,1,2,0,0.34,0.5,0.61,900,1200,208
98,keif-aldiafa-golden-hospitality-counter-saudi-emblem-server-drinks-station.webp,rebuilt-1-center,1,1,1,3,0,0.28,0.64,0.58,1200,527,94
99,keif-aldiafa-luxury-majlis-gold-columns-buffet-guests-panoramic.webp,rebuilt-nostamp,0,0,0,0,0,,,,1200,509,60
100,keif-aldiafa-mubashirin-lined-along-wedding-hall-aisle-golden-dallahs.webp,restored,1,0,1,4,0,,,,900,1200,132
101,keif-aldiafa-qahwaji-black-daglah-behind-coffee-water-sweets-table.webp,rebuilt-1-center,1,1,1,1,0,0.34,0.5,0.68,720,1178,73
102,keif-aldiafa-qahwaji-black-daglah-carrying-tray-dallah-cups-hotel-lobby.webp,rebuilt-1-center,1,0,1,1,0,0.34,0.5,0.61,681,1200,94
103,keif-aldiafa-qahwaji-lavender-themed-hospitality-corner-camel-cutout.webp,rebuilt-1-center,1,0,1,1,0,0.34,0.5,0.61,737,1200,81
104,keif-aldiafa-qahwaji-red-shemagh-saudi-flag-national-pavilion.webp,rebuilt-1-center,1,0,1,2,0,0.34,0.5,0.68,900,1200,105
105,keif-aldiafa-qahwajiin-incense-and-dallah-majlis-hall-guests-seated.webp,rebuilt-1-center,1,5,1,7,0,0.24,0.64,0.58,1200,900,128
106,keif-aldiafa-qahwajiin-incense-welcome-luxury-hotel-lobby-chandelier.webp,rebuilt-nostamp,0,0,0,0,0,,,,675,1200,70
107,keif-aldiafa-server-black-suit-gold-tray-six-glasses-red-tea.webp,rebuilt-1-center,1,0,1,0,0,0.28,0.5,0.58,1200,1039,176
108,keif-aldiafa-server-gold-tray-four-turkish-coffee-cups-qr-card-roses.webp,rebuilt-1-center,1,0,1,0,0,0.34,0.5,0.61,900,1200,116
109,keif-aldiafa-server-gold-tray-green-tea-glasses-qr-card-white-roses.webp,rebuilt-1-center,1,0,1,0,0,0.34,0.5,0.61,1200,1139,173
110,keif-aldiafa-server-white-jacket-gold-tray-pineapple-ginger-juice.webp,rebuilt-1-center,1,0,1,0,0,0.34,0.5,0.61,900,1200,118
111,keif-aldiafa-team-catering-staff-uniform-apron-badge.webp,rebuilt-1-center,1,0,1,0,0,0.28,0.5,0.58,777,672,40
112,keif-aldiafa-team-female-hospitality-staff-rose-wall-promo.webp,rebuilt-nostamp,0,0,0,7,0,,,,768,1091,85
113,keif-aldiafa-team-female-server-serving-tray-of-tea.webp,rebuilt-1-center,1,0,1,1,0,0.34,0.5,0.61,880,1200,92
114,keif-aldiafa-team-female-staff-lineup-floral-backdrop.webp,restored,1,0,1,6,0,,,,768,1112,68
115,keif-aldiafa-team-five-hostesses-uniform-white-shirt-gloves-rose-wall.webp,rebuilt-1-center,1,2,1,5,0,0.34,0.5,0.75,1024,1024,179
116,keif-aldiafa-team-five-qahwajiin-black-daglah-golden-dallah-wedding-hall.webp,restored,1,0,1,6,0,,,,675,1200,150
117,keif-aldiafa-team-four-male-staff-traditional-dress-standing-indoor.webp,restored,1,0,1,4,0,,,,900,1200,76
118,keif-aldiafa-team-four-masked-servers-group-photo.webp,rebuilt-1-center,1,0,1,4,0,0.34,0.5,0.61,720,1041,50
119,keif-aldiafa-team-four-servers-in-white-tulle-dresses-holding-trays.webp,rebuilt-1-center,2,0,1,9,0,0.34,0.5,0.61,768,1060,52
120,keif-aldiafa-team-fourteen-qahwajiin-black-daglah-lineup-wedding-hall-2.webp,rebuilt-1-center,0,0,1,10,0,0.28,0.5,0.72,1200,900,171
121,keif-aldiafa-team-fourteen-qahwajiin-black-daglah-lineup-wedding-hall-jeddah-1.webp,rebuilt-1-center,0,0,1,9,0,0.28,0.5,0.72,1200,900,141
122,keif-aldiafa-team-golden-tray-karak-chai-tea.webp,restored,1,0,1,0,0,,,,807,639,77
123,keif-aldiafa-team-hospitality-staff-three-uniforms-banner.webp,rebuilt-nostamp,0,0,0,3,0,,,,572,943,34
124,keif-aldiafa-team-man-holding-golden-incense-burner-entrance.webp,rebuilt-1-center,1,0,1,1,0,0.34,0.5,0.61,900,1200,62
125,keif-aldiafa-team-man-in-traditional-attire-holding-dallah.webp,rebuilt-1-center,1,0,1,1,0,0.34,0.5,0.61,675,1200,53
126,keif-aldiafa-team-man-pouring-coffee-from-dallah.webp,rebuilt-1-center,1,0,1,1,0,0.34,0.5,0.68,900,1200,80
127,keif-aldiafa-team-man-served-incense-mabkhara.webp,rebuilt-1-center,1,0,1,1,0,0.34,0.5,0.61,900,1200,99
128,keif-aldiafa-team-man-serving-arabic-coffee-cup.webp,rebuilt-1-center,1,0,1,1,0,0.28,0.5,0.58,1200,801,77
129,keif-aldiafa-team-men-in-traditional-garments-indoor-hall.webp,rebuilt-1-center,1,4,1,5,0,0.34,0.5,0.61,271,300,13
130,keif-aldiafa-team-men-serving-coffee-and-sweets-at-table.webp,rebuilt-1-center,1,0,1,4,0,0.28,0.5,0.65,1200,675,131
131,keif-aldiafa-team-nine-hostesses-rose-wall-womens-services-banner-hires.webp,restored,0,0,0,7,0,,,,768,1091,85
132,keif-aldiafa-team-nine-qahwajiin-black-embroidered-daglah-banquet-hall-2.webp,rebuilt-1-center,1,4,1,9,0,0.28,0.5,0.72,1200,900,141
133,keif-aldiafa-team-nine-qahwajiin-white-thobe-black-vest-luxury-hall.webp,rebuilt-1-center,1,3,1,9,0,0.28,0.5,0.72,1200,900,141
134,keif-aldiafa-team-nine-qahwajiin-white-thobe-black-vest-ornate-hall-2.webp,rebuilt-1-center,1,3,1,9,0,0.28,0.5,0.72,1200,900,141
135,keif-aldiafa-team-person-offering-tray-of-assorted-sweets-embroidered-garment.webp,rebuilt-1-center,1,0,1,0,0,0.34,0.5,0.61,768,1024,105
136,keif-aldiafa-team-person-serving-golden-dallah-coffee.webp,restored,1,0,1,1,0,,,,900,1200,67
137,keif-aldiafa-team-qahwaji-floral-counter-exhibition-hall-tv-screens.webp,rebuilt-1-center,0,0,1,6,0,0.34,0.5,0.61,675,1200,155
138,keif-aldiafa-team-qahwaji-mobile-sadu-table-water-cups-hall.webp,rebuilt-1-center,0,0,1,1,0,0.34,0.5,0.68,675,1200,71
139,keif-aldiafa-team-qahwajiin-black-bisht-lineup-luxury-hall-lowres.webp,rebuilt-1-center,0,0,1,5,0,0.34,0.5,0.61,271,300,13
140,keif-aldiafa-team-qahwajiin-black-daglah-serving-guests-hotel-corridor.webp,rebuilt-1-center,0,0,1,2,0,0.28,0.5,0.65,1200,801,58
141,keif-aldiafa-team-server-holding-dallah-and-dates.webp,restored,1,0,1,1,0,,,,900,1200,78
142,keif-aldiafa-team-server-pouring-dallah-at-exhibition-booth.webp,restored,1,0,1,3,0,,,,900,1200,104
143,keif-aldiafa-team-server-presenting-gold-tray-to-seated-men.webp,rebuilt-1-center,1,0,1,5,0,0.34,0.5,0.61,900,1200,118
144,keif-aldiafa-team-server-serving-tray-in-indoor-gathering.webp,rebuilt-1-center,1,0,1,3,0,0.34,0.5,0.61,900,1200,113
145,keif-aldiafa-team-servers-holding-dallah-in-banquet-hall.webp,rebuilt-1-center,1,1,1,2,0,0.28,0.5,0.65,1200,801,58
146,keif-aldiafa-team-ten-qahwajiin-black-embroidered-daglah-banquet-hall.webp,rebuilt-1-center,1,3,1,10,0,0.28,0.5,0.72,1200,900,171
147,keif-aldiafa-team-three-hospitality-staff-standing-banqueting-room.webp,rebuilt-1-center,1,0,1,0,0,0.28,0.5,0.58,1200,597,70
148,keif-aldiafa-team-three-masked-servers-with-gold-sign.webp,rebuilt-1-center,1,0,1,3,0,0.34,0.5,0.61,572,795,44
149,keif-aldiafa-team-three-staff-in-black-uniforms-with-gold-sign.webp,rebuilt-1-center,1,0,1,0,0,0.34,0.5,0.61,958,939,65
150,keif-aldiafa-team-three-staff-in-white-shirts-and-beige-aprons.webp,restored,1,0,1,1,0,,,,958,788,100
151,keif-aldiafa-team-three-waitstaff-in-banquet-hall.webp,rebuilt-1-center,1,0,1,3,0,0.34,0.5,0.61,720,987,75
152,keif-aldiafa-team-three-waitstaff-in-black-aprons.webp,rebuilt-1-center,1,0,1,3,0,0.34,0.5,0.61,571,800,32
153,keif-aldiafa-team-three-waitstaff-standing-in-banquet-hall.webp,rebuilt-1-center,1,0,1,0,0,0.34,0.5,0.61,548,592,29
154,keif-aldiafa-team-three-women-white-dresses-in-mirror.webp,rebuilt-1-center,1,0,1,4,0,0.34,0.5,0.68,756,1200,45
155,keif-aldiafa-team-two-servers-holding-brass-pots-indoor.webp,rebuilt-1-center,1,1,1,2,0,0.28,0.5,0.65,1200,675,89
156,keif-aldiafa-team-two-servers-holding-dallah-coffee-pots.webp,rebuilt-1-center,1,0,1,2,0,0.24,0.5,0.65,1200,675,92
157,keif-aldiafa-team-two-servers-serving-desserts-and-arabic-coffee.webp,rebuilt-1-center,1,0,1,2,0,0.34,0.5,0.61,880,1200,96
158,keif-aldiafa-team-two-staff-masked-lobby.webp,rebuilt-1-center,1,0,1,2,0,0.34,0.5,0.61,880,1200,63
159,keif-aldiafa-team-two-women-red-uniforms-lobby.webp,rebuilt-1-center,1,0,1,2,0,0.34,0.5,0.61,896,1200,84
160,keif-aldiafa-team-uniformed-staff-portrait.webp,rebuilt-1-center,1,0,1,2,0,0.34,0.5,0.75,880,1200,55
161,keif-aldiafa-team-woman-niqab-holding-green-cutout.webp,rebuilt-1-center,2,0,1,0,0,0.34,0.5,0.61,828,758,30
162,keif-aldiafa-three-qahwajiin-black-daglah-wedding-reception-cb-monogram-balloons.webp,rebuilt-1-center,1,1,1,4,0,0.34,0.5,0.68,675,1200,133
163,keif-aldiafa-two-hostesses-uniform-serving-arabic-coffee-and-pastries-majlis.webp,rebuilt-1-center,1,0,1,2,0,0.34,0.5,0.61,896,1200,207
164,keif-aldiafa-two-qahwajiin-black-daglah-dates-tray-and-dallah-corridor.webp,rebuilt-1-center,1,0,1,2,0,0.34,0.5,0.61,476,813,50
165,keif-aldiafa-two-sababin-white-thobe-crossed-belt-tea-coffee-bar-wedding-hall.webp,rebuilt-1-center,1,2,1,2,0,0.28,0.5,0.65,1200,675,213
166,keif-aldiafa-equipment-brass-dallah-coffee-pots-and-cups-display.webp,restored,1,0,1,0,0,,,,280,307,14
167,keif-aldiafa-equipment-clear-glass-cup-and-saucer-product-display.webp,restored,1,0,1,0,0,,,,1080,1080,40
168,keif-aldiafa-equipment-clear-glass-cup-gold-stripes.webp,restored,1,0,1,0,0,,,,1080,1080,39
169,keif-aldiafa-equipment-clear-glass-cup-with-gold-stripes-and-logo.webp,restored,1,0,1,0,0,,,,1000,1000,54
170,keif-aldiafa-equipment-clear-ribbed-glass-cup-and-saucer.webp,restored,1,0,1,0,0,,,,1000,1000,38
171,keif-aldiafa-equipment-clear-stem-glass-on-branded-white-background.webp,restored,1,0,1,0,0,,,,1080,1080,43
172,keif-aldiafa-equipment-clear-stemmed-wine-glass-on-branded-background.webp,restored,1,0,1,0,0,,,,1080,1080,38
173,keif-aldiafa-equipment-clear-stemmed-wine-glass-with-brand-logo.webp,restored,1,0,1,0,0,,,,1000,1000,30
174,keif-aldiafa-equipment-decorative-glass-teacup-and-saucer.webp,restored,1,0,1,0,0,,,,1000,1000,67
175,keif-aldiafa-equipment-decorative-gold-pattern-glass-cups-saucer.webp,restored,1,0,1,0,0,,,,1080,1080,68
176,keif-aldiafa-equipment-glass-cup-gold-stripes-saucer-logo.webp,restored,1,0,1,0,0,,,,1000,1000,34
177,keif-aldiafa-equipment-glass-cup-with-gold-vertical-stripes-on-saucer.webp,restored,1,0,1,0,0,,,,1080,1080,44
178,keif-aldiafa-equipment-glass-mug-gold-rim-palm-and-crossed-swords.webp,restored,1,0,1,0,0,,,,1080,1080,44
179,keif-aldiafa-equipment-glass-mug-with-gold-stripes-on-saucer.webp,restored,1,0,1,0,0,,,,1080,1080,50
180,keif-aldiafa-equipment-glass-mug-with-palm-and-crossed-swords-emblem.webp,restored,1,0,1,0,0,,,,1080,1080,39
181,keif-aldiafa-equipment-glass-tea-sets-with-gold-display-stands.webp,restored,1,0,1,0,0,,,,900,1200,88
182,keif-aldiafa-equipment-glass-teacup-jug-saucer-display.webp,restored,1,0,1,0,0,,,,1080,1080,47
183,keif-aldiafa-equipment-glass-tumbler-gold-stripes-branded-background.webp,restored,1,0,1,0,0,,,,1080,1080,44
184,keif-aldiafa-equipment-gold-and-glass-multi-tier-stand.webp,restored,1,0,1,0,0,,,,900,1200,99
185,keif-aldiafa-equipment-gold-dallah-arabic-coffee-pot.webp,restored,1,0,1,0,0,,,,1080,1080,48
186,keif-aldiafa-equipment-gold-dallah-blue-pattern-background-catalog.webp,restored,0,0,0,0,0,,,,1080,1080,38
187,keif-aldiafa-equipment-gold-emblem-porcelain-coffee-cups.webp,restored,1,0,1,0,0,,,,1080,1080,54
188,keif-aldiafa-equipment-gold-glass-multi-tier-serving-stand.webp,restored,1,0,1,0,0,,,,900,1200,97
189,keif-aldiafa-equipment-gold-glass-tea-stand-table.webp,rebuilt-1-center,1,0,1,0,0,0.34,0.5,0.61,900,1200,111
190,keif-aldiafa-equipment-gold-pitchers-tripod-stands-orchid-centerpiece.webp,rebuilt-1-center,1,0,1,2,0,0.34,0.5,0.61,900,1200,167
191,keif-aldiafa-equipment-gold-rimmed-porcelain-cups-on-gold-tray.webp,rebuilt-1-center,1,1,1,2,0,0.3,0.24,0.45,900,1200,49
192,keif-aldiafa-equipment-gold-tea-glass-tree-stand-white-table.webp,rebuilt-1-center,0,0,1,0,0,0.28,0.5,0.58,1200,675,87
193,keif-aldiafa-equipment-gold-tray-clear-glasses-palm-motif.webp,restored,1,0,1,0,0,,,,900,1200,80
194,keif-aldiafa-equipment-golden-brass-pitchers-set-collection.webp,rebuilt-1-center,0,0,1,0,0,0.34,0.5,0.61,280,307,14
195,keif-aldiafa-equipment-golden-dallah-and-cups-display.webp,rebuilt-1-center,1,1,1,1,0,0.34,0.5,0.68,900,1200,85
196,keif-aldiafa-equipment-golden-dallah-coffee-pot-on-glass-table.webp,rebuilt-1-center,1,0,1,2,0,0.34,0.5,0.61,678,678,47
197,keif-aldiafa-equipment-golden-dallah-coffee-pot-product-shot.webp,restored,1,0,1,0,0,,,,1080,1080,42
198,keif-aldiafa-equipment-golden-decorative-vessel-on-marble-table.webp,rebuilt-1-center,1,1,1,1,0,0.34,0.36,0.61,900,1200,70
199,keif-aldiafa-equipment-metal-dallah-coffee-pot-product-display.webp,restored,1,0,1,0,0,,,,1080,1080,48
200,keif-aldiafa-equipment-ornate-gold-accent-tea-glass-with-saucer.webp,restored,1,0,1,0,0,,,,1080,1080,58
201,keif-aldiafa-equipment-ornate-gold-vessel-with-blue-beads.webp,rebuilt-1-center,1,0,1,1,0,0.34,0.5,0.61,880,1200,107
202,keif-aldiafa-equipment-ornate-golden-decorative-vessel-display.webp,rebuilt-1-center,1,0,1,0,0,0.34,0.5,0.61,880,1200,119
203,keif-aldiafa-equipment-ornate-golden-tiered-stand-blue-beads-dallah-cup-tray.webp,rebuilt-1-center,1,0,1,1,0,0.34,0.5,0.61,546,1200,91
204,keif-aldiafa-equipment-ornate-golden-tiered-stand-coins-turquoise-beads-glass-cups.webp,rebuilt-1-center,1,0,1,0,0,0.34,0.5,0.61,595,1200,83
205,keif-aldiafa-equipment-silver-arabic-coffee-pot-dallah.webp,restored,1,0,1,0,0,,,,1080,1080,43
206,keif-aldiafa-equipment-silver-dallah-coffee-pot-with-k-logo.webp,restored,1,0,1,0,0,,,,1000,1000,39
207,keif-aldiafa-equipment-white-ceramic-cup-on-saucer-with-branded-frame.webp,restored,1,0,1,0,0,,,,1080,1080,37
208,keif-aldiafa-equipment-white-cup-and-saucer-with-brand-frame.webp,restored,1,0,1,0,0,,,,1080,1080,41
209,keif-aldiafa-equipment-white-cup-and-saucer-with-k-logo.webp,restored,1,0,1,0,0,,,,1000,1000,26
210,keif-aldiafa-equipment-white-emblem-cups-stacked-gold-tray.webp,rebuilt-1-center,0,0,1,2,0,0.3,0.24,0.45,900,1200,49
211,keif-aldiafa-equipment-white-gold-porcelain-coffee-cups.webp,restored,1,0,1,0,0,,,,1080,1080,48
212,keif-aldiafa-equipment-white-porcelain-cup-saucer-k-logo-catalog.webp,restored,0,0,0,0,0,,,,1000,1000,13
213,keif-aldiafa-offering-assorted-stuffed-dates-on-trays.webp,rebuilt-1-center,1,0,1,1,0,0.34,0.5,0.61,478,823,90
214,keif-aldiafa-offering-baklava-silver-trays-fruit-platters-gold-stands-1.webp,rebuilt-1-center,1,0,1,0,0,0.28,0.5,0.58,1200,800,143
215,keif-aldiafa-offering-baklava-silver-trays-fruit-platters-gold-stands-2.webp,rebuilt-1-center,1,0,1,0,0,0.28,0.5,0.58,1200,801,137
216,keif-aldiafa-offering-bedouin-tent-majlis-sadu-cushions-outdoor-turf-stage.webp,restored,1,0,1,0,0,,,,1200,675,164
217,keif-aldiafa-offering-brass-coffee-urn-and-cups-table-setup.webp,rebuilt-1-center,1,0,1,0,0,0.28,0.5,0.58,1200,675,87
218,keif-aldiafa-offering-buffet-dessert-display-glasses-cakes.webp,rebuilt-1-center,1,0,1,0,0,0.28,0.5,0.58,1200,540,117
219,keif-aldiafa-offering-caramel-pistachio-sweets-platter.webp,restored,1,0,1,1,0,,,,835,1000,81
220,keif-aldiafa-offering-corporate-buffet-tiered-wooden-stands-mini-pastries-flowers.webp,rebuilt-1-center,1,0,1,2,0,0.34,0.5,0.61,900,1200,163
221,keif-aldiafa-offering-date-palm-food-display.webp,rebuilt-1-center,1,0,1,0,0,0.34,0.5,0.61,666,1000,57
222,keif-aldiafa-offering-date-trunk-palm-food-display.webp,rebuilt-1-center,1,0,1,0,0,0.34,0.5,0.61,666,1000,58
223,keif-aldiafa-offering-dates-sweets-woven-trays-golden-incense-burner-dallah.webp,rebuilt-1-center,1,0,1,0,0,0.34,0.5,0.61,900,1200,173
224,keif-aldiafa-offering-decorative-palm-sweets-tray-arrangement.webp,rebuilt-1-center,1,0,1,0,0,0.34,0.5,0.61,1200,1200,111
225,keif-aldiafa-offering-dessert-appetizer-buffet-creme-caramel-petit-fours-fruit-skewers.webp,rebuilt-1-center,1,4,1,5,0,0.28,0.64,0.58,1200,675,136
226,keif-aldiafa-offering-dessert-buffet-parfait-glasses-cake-slices-oriental-sweets.webp,rebuilt-1-center,1,0,1,0,0,0.28,0.5,0.58,1200,540,128
227,keif-aldiafa-offering-dessert-buffet-table-with-chalkboard.webp,rebuilt-1-center,1,0,1,0,0,0.34,0.5,0.61,516,1200,106
228,keif-aldiafa-offering-dessert-buffet-table-with-cups-and-pastries.webp,restored,1,0,1,0,0,,,,1200,900,114
229,keif-aldiafa-offering-dessert-buffet-table-with-varied-pastries.webp,rebuilt-1-center,1,0,1,0,0,0.28,0.5,0.58,1165,960,123
230,keif-aldiafa-offering-fatayer-manakish-sesame-croissants-platter.webp,rebuilt-1-center,1,0,1,0,0,0.34,0.5,0.61,720,900,123
231,keif-aldiafa-offering-glass-buffet-black-platters-canapes-croissants-top-view.webp,rebuilt-1-center,1,0,1,1,0,0.34,0.5,0.61,675,1200,130
232,keif-aldiafa-offering-glass-tea-on-decorative-tray.webp,rebuilt-1-center,1,0,1,1,0,0.28,0.5,0.58,1080,837,86
233,keif-aldiafa-offering-gold-accented-tea-glass-and-flower-on-ornate-tray.webp,rebuilt-1-center,1,1,1,1,0,0.34,0.5,0.75,900,1200,64
234,keif-aldiafa-offering-gold-platter-assorted-pistachio-baklava.webp,restored,1,0,1,0,0,,,,720,720,98
235,keif-aldiafa-offering-gold-tiered-stands-mini-pizzas-savory-bites-banquet.webp,rebuilt-1-center,1,0,1,0,0,0.34,0.5,0.61,900,1200,190
236,keif-aldiafa-offering-gold-white-wrapped-chocolates-platter.webp,restored,1,0,1,0,0,,,,600,600,19
237,keif-aldiafa-offering-golden-dallah-dates-finjan-glass-table-bokeh.webp,rebuilt-1-center,1,0,1,0,0,0.28,0.5,0.58,1200,801,65
238,keif-aldiafa-offering-golden-hospitality-counter-rooftop-night-string-lights.webp,rebuilt-1-center,0,0,1,2,0,0.34,0.5,0.61,900,1200,208
239,keif-aldiafa-offering-golden-tray-decorated-dates.webp,restored,1,0,1,0,0,,,,1000,1000,63
240,keif-aldiafa-offering-mini-sadu-tent-station-dallahs-clay-jar-incense-indoor.webp,rebuilt-1-center,1,0,1,0,0,0.28,0.5,0.58,1200,900,163
241,keif-aldiafa-offering-ornate-gold-coffee-service-with-flowers.webp,rebuilt-1-center,1,0,1,0,0,0.34,0.5,0.61,280,316,30
242,keif-aldiafa-offering-oval-tray-dates-with-pistachios-and-coconut.webp,rebuilt-1-center,1,0,1,0,0,0.34,0.5,0.61,1024,1200,77
243,keif-aldiafa-offering-pyramid-of-dates-with-palm-leaves.webp,rebuilt-1-center,1,0,1,0,0,0.34,0.5,0.61,918,1200,77
244,keif-aldiafa-offering-sadu-glass-buffet-booth-guests-self-serve-qahwaji.webp,rebuilt-1-center,1,1,1,4,0,0.28,0.5,0.65,1200,900,194
245,keif-aldiafa-offering-small-sandwich-on-white-plate.webp,rebuilt-1-center,1,0,1,0,0,0.34,0.5,0.61,900,1200,44
246,keif-aldiafa-offering-square-arranged-clustered-box.webp,restored,1,0,1,0,0,,,,500,500,18
247,keif-aldiafa-offering-stuffed-dates-platter-pistachio-sesame-chocolate.webp,restored,1,0,1,1,0,,,,900,778,147
248,keif-aldiafa-offering-table-with-arabic-coffee-and-sweets.webp,rebuilt-1-center,1,0,1,0,0,0.28,0.5,0.58,1200,675,122
249,keif-aldiafa-offering-three-glasses-dark-beverage.webp,rebuilt-1-center,2,0,1,0,0,0.34,0.5,0.61,900,1200,74
250,keif-aldiafa-offering-three-mini-cheeseburgers-on-slate.webp,rebuilt-1-center,1,1,1,1,0,0.34,0.24,0.61,1100,1100,89
251,keif-aldiafa-offering-three-trays-dates-filled-with-nuts.webp,rebuilt-1-center,1,0,1,1,0,0.34,0.5,0.61,478,823,93
252,keif-aldiafa-offering-traditional-sweets-dates-nuts-buffet-villa-courtyard.webp,rebuilt-1-center,1,0,1,3,0,0.34,0.5,0.61,900,1200,200
253,keif-aldiafa-offering-tray-fried-triangular-pastries.webp,restored,1,0,1,0,0,,,,736,736,50
254,keif-aldiafa-offering-tray-of-sahlab-drinks-with-golden-glasses.webp,rebuilt-1-center,1,0,1,0,0,0.28,0.5,0.58,807,632,77
255,keif-aldiafa-offering-tray-with-four-cappuccinos.webp,rebuilt-1-center,1,0,1,0,0,0.34,0.5,0.61,1172,1200,136
256,keif-aldiafa-offering-tuna-salad-sesame-roll-on-white-plate.webp,rebuilt-1-center,1,0,1,0,0,0.34,0.5,0.61,900,1200,48
257,keif-aldiafa-offering-white-birthday-cake-with-red-hearts.webp,restored,1,0,1,0,0,,,,736,752,37
258,keif-aldiafa-service-erksous-carrier-red-carpet-outdoor-night-4.webp,rebuilt-1-center,0,0,1,1,0,0.34,0.5,0.61,675,1200,190
259,keif-aldiafa-service-erksous-juice-carrier-fez-heritage-street.webp,rebuilt-1-center,2,0,1,0,0,0.34,0.5,0.61,770,1200,100
260,keif-aldiafa-service-erksous-juice-carrier-levantine-costume-night-2.webp,rebuilt-1-center,1,0,1,1,0,0.34,0.5,0.61,675,1200,215
261,keif-aldiafa-service-erksous-juice-carrier-pouring-cup-night-3.webp,rebuilt-1-center,1,0,1,1,0,0.34,0.5,0.61,800,1200,162
262,keif-aldiafa-service-erksous-tamarind-juice-carrier-levantine-costume-night-1.webp,rebuilt-1-center,1,0,1,1,0,0.34,0.5,0.61,726,1200,198
263,keif-aldiafa-service-folk-drummers-performance-red-carpet-night.webp,rebuilt-1-center,1,0,1,3,0,0.28,0.5,0.58,1200,900,232
264,keif-aldiafa-service-hand-henna-artist-applying-design.webp,restored,1,0,1,0,0,,,,828,817,63
265,keif-aldiafa-service-hand-lifting-decorative-arabic-coffee-cup.webp,rebuilt-1-center,1,0,1,1,0,0.34,0.5,0.61,828,1073,53
266,keif-aldiafa-service-hands-drawing-on-cutout-shapes.webp,restored,1,0,1,0,0,,,,828,748,53
267,keif-aldiafa-service-henna-artist-station-outdoor-tent-night-1.webp,rebuilt-1-center,1,0,1,0,0,0.34,0.5,0.61,900,1200,219
268,keif-aldiafa-service-henna-artist-station-outdoor-tent-night-2-closeup.webp,rebuilt-1-center,1,0,1,0,0,0.34,0.5,0.61,900,1200,166
269,keif-aldiafa-service-heritage-tent-sadu-majlis-indoor-hall-1.webp,rebuilt-1-center,0,0,1,0,0,0.28,0.5,0.58,1200,900,163
270,keif-aldiafa-service-heritage-tent-sadu-majlis-outdoor-turf-2.webp,rebuilt-1-center,0,0,1,0,0,0.28,0.5,0.58,1200,675,163
271,keif-aldiafa-service-man-serving-traditional-cups-with-golden-stand.webp,rebuilt-1-center,1,0,1,1,0,0.34,0.5,0.61,880,1200,140
272,keif-aldiafa-service-men-using-mirror-photo-booth.webp,restored,1,0,1,3,0,,,,800,1200,92
273,keif-aldiafa-service-mirror-photo-booth-red-carpet-corporate-lobby.webp,rebuilt-1-center,1,0,1,0,0,0.34,0.5,0.61,900,1200,155
274,keif-aldiafa-service-saudi-ardah-folk-troupe-drums-flag-night-garden.webp,rebuilt-1-center,1,1,1,10,0,0.34,0.5,0.75,675,1200,177
275,keif-aldiafa-service-street-beverage-vendor-dallah-traditional-fez.webp,rebuilt-1-center,1,0,1,0,0,0.34,0.5,0.61,880,1200,100
276,keif-aldiafa-generic-fruit-parfait-honey-stock.webp,rebuilt-1-center,1,0,1,0,0,0.34,0.5,0.61,867,1200,55
277,keif-aldiafa-generic-grapes-closeup-stock.webp,rebuilt-1-center,1,0,1,0,0,0.34,0.5,0.61,889,1200,131
278,keif-aldiafa-generic-kiwi-slices-closeup-stock.webp,rebuilt-1-center,1,0,1,0,0,0.28,0.5,0.58,1200,799,189
279,keif-aldiafa-generic-mixed-berries-red-bowl-stock.webp,rebuilt-1-center,1,3,1,5,0,0.34,0.64,0.61,889,1200,179
280,keif-aldiafa-generic-pineapple-chunks-bowl.webp,rebuilt-1-center,1,0,1,0,0,0.34,0.5,0.61,1200,1179,130
281,keif-aldiafa-generic-social-banner-safraji-waiters-service-design.webp,rebuilt-nostamp,0,0,0,0,0,,,,1137,417,31
282,keif-aldiafa-generic-social-banner-zamzam-saqya-service-design.webp,rebuilt-nostamp,0,0,0,2,0,,,,1200,513,45
283,keif-aldiafa-generic-stock-assorted-canapes-on-slate-board.webp,restored,1,0,1,2,0,,,,1100,1100,140
284,keif-aldiafa-generic-stock-assorted-pastries-plates.webp,rebuilt-1-center,1,0,1,1,0,0.34,0.5,0.61,736,1103,121
285,keif-aldiafa-generic-stock-bowl-of-glossy-dates-on-white.webp,rebuilt-1-center,1,0,1,0,0,0.34,0.5,0.61,600,600,30
286,keif-aldiafa-generic-stock-bruschetta-slate-serving-with-olive-oil.webp,rebuilt-1-center,1,3,1,3,0,0.3,0.64,0.75,1100,1100,134
287,keif-aldiafa-generic-stock-cheese-sandwich-on-white-plate.webp,rebuilt-1-center,1,0,1,0,0,0.34,0.5,0.61,900,1200,37
288,keif-aldiafa-generic-stock-chocolate-filled-croissants-on-plate.webp,rebuilt-1-center,1,0,1,1,0,0.34,0.5,0.61,736,920,87
289,keif-aldiafa-generic-stock-crispy-fried-bites-with-mustard-dip.webp,rebuilt-1-center,1,0,1,0,0,0.34,0.5,0.61,1100,1100,122
290,keif-aldiafa-generic-stock-dark-beverage-with-mint-lemon-and-brown-pods.webp,rebuilt-1-center,1,0,1,0,0,0.34,0.5,0.61,800,1035,62
291,keif-aldiafa-generic-stock-dates-in-silver-dish.webp,restored,1,0,1,0,0,,,,1000,1000,40
292,keif-aldiafa-generic-stock-fried-cheese-croquettes-with-dipping-sauce.webp,rebuilt-1-center,1,0,1,0,0,0.34,0.5,0.61,1100,1100,141
293,keif-aldiafa-generic-stock-fruit-parfait-trio-glasses.webp,rebuilt-1-center,1,0,1,0,0,0.34,0.5,0.61,500,500,22
294,keif-aldiafa-generic-stock-fruit-topped-puff-pastries-on-stand.webp,rebuilt-1-center,1,0,1,0,0,0.34,0.5,0.61,575,653,40
295,keif-aldiafa-generic-stock-glass-of-red-drink-with-petals-and-straw.webp,rebuilt-1-center,1,0,1,0,0,0.28,0.5,0.58,828,683,45
296,keif-aldiafa-generic-stock-halved-fig-and-whole-fig-on-table.webp,rebuilt-1-center,1,0,1,0,0,0.28,0.5,0.58,970,646,52
297,keif-aldiafa-generic-stock-iced-coffee-glass-on-marble-table.webp,rebuilt-1-center,1,0,1,0,0,0.34,0.5,0.61,500,750,33
298,keif-aldiafa-generic-stock-kunafa-melted-cheese-on-fork.webp,rebuilt-1-center,1,0,1,0,0,0.34,0.5,0.61,735,1099,58
299,keif-aldiafa-generic-stock-loaded-nachos-with-cheese-guacamole-sour-cream.webp,rebuilt-1-center,1,0,1,4,0,0.34,0.64,0.68,1100,1100,144
300,keif-aldiafa-generic-stock-mini-flatbreads-with-various-toppings-on-board.webp,rebuilt-1-center,1,0,1,0,0,0.34,0.5,0.61,720,720,61
301,keif-aldiafa-generic-stock-mini-margherita-pizzas-on-slate.webp,rebuilt-1-center,1,0,1,1,0,0.34,0.5,0.61,1100,1100,128
302,keif-aldiafa-generic-stock-mint-lime-mojito-bottle-poolside.webp,restored,1,0,1,0,0,,,,340,509,23
303,keif-aldiafa-generic-stock-mozzarella-sticks-on-slate-with-marinara.webp,rebuilt-1-center,1,0,1,1,0,0.34,0.5,0.61,1100,1100,108
304,keif-aldiafa-generic-stock-plate-of-spring-rolls-with-chili-sauce.webp,rebuilt-1-center,1,0,1,1,0,0.34,0.5,0.61,1100,1100,98
305,keif-aldiafa-generic-stock-pomegranate-half-on-white.webp,rebuilt-1-center,1,1,1,2,0,0.34,0.5,0.68,969,1024,97
306,keif-aldiafa-generic-stock-potato-wedges-slate-dip.webp,rebuilt-1-center,1,0,1,1,0,0.34,0.5,0.61,1100,1100,109
307,keif-aldiafa-generic-stock-red-iced-drink-with-mint-garnish.webp,rebuilt-1-center,1,0,1,0,0,0.28,0.5,0.58,1024,768,54
308,keif-aldiafa-generic-stock-ripe-mango-cubes-on-gray-surface.webp,rebuilt-1-center,1,0,1,0,0,0.28,0.5,0.58,1200,799,47
309,keif-aldiafa-generic-stock-sandwich-cheese-lettuce-tomato-on-white-plate.webp,rebuilt-1-center,1,0,1,0,0,0.34,0.5,0.61,900,1200,35
310,keif-aldiafa-generic-stock-sandwich-on-white-plate-on-stainless-counter.webp,rebuilt-1-center,1,0,1,0,0,0.34,0.5,0.61,900,1200,41
311,keif-aldiafa-generic-stock-seeded-bun-sandwich-with-lettuce.webp,rebuilt-1-center,1,0,1,0,0,0.34,0.5,0.61,900,1200,46
312,keif-aldiafa-generic-stock-sesame-bun-chicken-salad-sandwich-on-white-plate.webp,rebuilt-1-center,1,0,1,0,0,0.34,0.5,0.61,900,1200,42
313,keif-aldiafa-generic-stock-sesame-coated-balls-with-cream-filling.webp,restored,1,0,1,0,0,,,,988,1000,65
314,keif-aldiafa-generic-strawberries-closeup-stock.webp,rebuilt-1-center,1,0,1,2,0,0.28,0.5,0.58,1200,900,163
