id,catalog_file,publish,watermark_status,keif_v2_source_path,orb_inliers,match_method,has_equivalent_in_images-watermarked/web
1,keif-aldiafa-event-aljar-marina-madinah-chamber-reception-qahwaji-dates.webp,yes,single_ok,public/images/events/exhibition-saudi-event-nayifat-financing-ceremonial-coffee.webp,763,آلي,yes
2,keif-aldiafa-event-hajj-conference-exhibition-vision-2030-qahwaji-jeddah.webp,yes,single_ok,public/images/events/ksa-event-exhibition-hospitality-staff-hajj-conference.webp,758,آلي,yes
3,keif-aldiafa-event-ibn-sina-national-college-medical-qahwaji-hostess-expo.webp,yes,single_ok,public/images/events/indoor-event-traditional-attire-ceremonial-coffee-female-guest.webp,355,آلي,yes
4,keif-aldiafa-event-jeddah-municipality-national-day-94-qahwaji-arabic-coffee.webp,yes,single_ok,public/images/services/male/hosts/dagla/dagla-4.webp,984,آلي,yes
5,keif-aldiafa-event-king-salman-chair-history-heritage-tent-four-qahwajiin.webp,yes,single_ok,public/images/events/official-ceremony-saudi-hosts-traditional-attire-vip-reception.webp,771,آلي,yes
6,keif-aldiafa-event-madinah-municipality-jeddah-chamber-exhibition-vip-reception.webp,yes,single_ok,public/images/events/government-event-official-ceremony-madinah-municipality-arabic-coffee.webp,612,آلي,yes
7,keif-aldiafa-event-makkah-halal-forum-qahwaji-lounge-coffee-dates.webp,yes,double,public/images/events/saudi-event-vip-reception-makkah-halal-forum-coffee-lounge.webp,598,آلي,yes
8,keif-aldiafa-event-ministry-of-hajj-umrah-hafawah-qahwaji-coffee-dates.webp,yes,single_ok,public/images/events/saudi-event-hifawa-vip-traditional-attire-qahwa-service.webp,574,آلي,yes
9,keif-aldiafa-event-ministry-of-media-qahwaji-golden-dallah-booth.webp,yes,single_ok,public/images/events/government-event-ministry-of-media-official-ceremony.webp,923,آلي,yes
10,keif-aldiafa-event-ministry-of-transport-tga-mawani-qahwaji-arabic-coffee-exhibition.webp,yes,single_ok,public/images/events/government-event-hospitality-staff-ceremonial-coffee-ministry-transport.webp,961,آلي,yes
11,keif-aldiafa-event-official-vip-reception-hall-saudi-emblem-qahwajiin-incense.webp,yes,single_ok,public/images/weddings/vip-wedding-traditional-uniform-dallah-wedding-hall.webp,682,آلي,yes
12,keif-aldiafa-event-saudi-electricity-company-anti-corruption-day-qahwajiin-coffee-stand.webp,yes,single_ok,public/images/events/government-event-official-ceremony-saudi-electricity-luxury-catering.webp,906,آلي,yes
13,keif-aldiafa-event-saudi-national-day-92-carved-watermelon-banquet-hall.webp,yes,single_ok,public/images/fruits/saudi-carved-watermelon-vip-event-fruit-display.webp,1084,آلي,yes
14,keif-aldiafa-event-saudia-awqaf-exhibition-qahwaji-floral-reception.webp,yes,single_ok,public/images/events/ksa-event-arabic-coffee-ceremony-masked-host-exhibition.webp,790,آلي,yes
15,keif-aldiafa-event-saudia-group-cybersecurity-awareness-qahwaji-arabic-coffee.webp,yes,single_ok,public/images/events/corporate-event-indoor-cybersecurity-awareness-ceremonial-coffee.webp,1126,آلي,yes
16,keif-aldiafa-event-turkish-pilgrims-affairs-office-alrifadah-qahwaji-exhibition.webp,yes,single_ok,public/images/events/ksa-event-official-ceremony-turkish-pilgrims-office-luxury.webp,987,آلي,yes
17,keif-aldiafa-event-umm-al-qura-university-investment-booth-qahwaji-1.webp,yes,double,public/images/events/corporate-event-qahwa-service-luxury-catering-basma-emaar.webp,1322,آلي,yes
18,keif-aldiafa-event-umm-al-qura-university-investment-booth-qahwaji-2.webp,yes,double,public/images/events/corporate-event-formal-reception-umm-al-qura-university-saudi-hosts.webp,1268,آلي,yes
19,keif-aldiafa-event-75-years-heritage-company-qahwaji-dates-palm-display-1.webp,yes,single_ok,public/images/services/artistic/mobile-table/table-6.webp,502,آلي,yes
20,keif-aldiafa-event-75-years-heritage-company-qahwaji-dates-palm-display-2.webp,yes,double,public/images/events/majlis-traditional-attire-dates-tower-ceremonial-coffee-display.webp,403,آلي,yes
21,keif-aldiafa-event-adidas-hackett-london-store-mirror-photo-booth.webp,yes,single_ok,public/images/services/artistic/photo-booth/photo-booth-1.webp,577,آلي,yes
22,keif-aldiafa-event-ajdal-jeddah-alinma-investment-qahwaji-exhibition.webp,yes,single_ok,public/images/events/outdoor-event-nahda-park-arabic-coffee-formal-reception.webp,955,آلي,yes
23,keif-aldiafa-event-al-amjaad-trading-manufacturing-vip-welcome-qahwajiin.webp,yes,single_ok,public/images/events/formal-reception-saudi-hosts-al-amjaad-office-traditional.webp,952,آلي,yes
24,keif-aldiafa-event-al-borg-diagnostics-labs-qahwaji-dates-coffee-1.webp,yes,double,public/images/services/artistic/mobile-table/table-2.webp,762,آلي,yes
25,keif-aldiafa-event-al-borg-diagnostics-labs-qahwaji-dates-coffee-2.webp,yes,double,public/images/services/artistic/mobile-table/table-4.webp,804,آلي,yes
26,keif-aldiafa-event-al-borg-diagnostics-labs-qahwaji-dates-coffee-3.webp,yes,double,public/images/services/artistic/mobile-table/table-5.webp,833,آلي,yes
27,keif-aldiafa-event-al-miftah-showroom-qahwaji-dallah.webp,yes,single_ok,public/images/events/ksa-event-exhibition-luxury-catering-food-booth-dates-tray.webp,106,آلي,yes
28,keif-aldiafa-event-al-rayyan-al-makkiya-hotels-sadaa-qahwaji-exhibition.webp,yes,double,public/images/events/vip-reception-luxury-catering-millennium-hotels-golden-dallah.webp,1202,آلي,yes
29,keif-aldiafa-event-al-safeer-watania-qahwaji-hostess-exhibition.webp,yes,double,public/images/events/saudi-event-corporate-al-safir-masked-hospitality.webp,614,آلي,yes
30,keif-aldiafa-event-al-wessam-transport-exhibition-booth-qahwaji.webp,yes,double,public/images/events/vip-reception-corporate-event-aljar-marina-qahwa-service.webp,667,آلي,yes
31,keif-aldiafa-event-alinma-kayan-qahwaji-dallah-exhibition.webp,yes,double,public/images/events/saudi-event-conference-catering-bci-counter-ceremonial-coffee.webp,1172,آلي,yes
32,keif-aldiafa-event-almana-medical-group-qahwaji-booth-wide-3.webp,yes,single_ok,public/images/events/saudi-event-vip-reception-arabic-coffee-masked-host-exhibition.webp,1366,آلي,yes
33,keif-aldiafa-event-almana-medical-group-qahwaji-exhibition-1.webp,yes,single_ok,public/images/events/corporate-event-almana-medical-group-arabic-coffee-ceremony.webp,390,آلي,yes
34,keif-aldiafa-event-almana-medical-group-qahwaji-pouring-coffee-2.webp,yes,single_ok,public/images/events/saudi-event-vip-reception-arabic-coffee-masked-host-exhibition.webp,851,آلي,yes
35,keif-aldiafa-event-alrifadah-pilgrims-services-qahwaji-exhibition.webp,yes,double,public/images/events/exhibition-alrifadah-pilgrims-services-arabic-coffee-ceremony.webp,903,آلي,yes
36,keif-aldiafa-event-alwagehat-algharbiya-contracting-qahwaji-dates.webp,yes,double,public/images/events/saudi-event-qahwa-service-hospitality-staff-exhibition-booth.webp,583,آلي,yes
37,keif-aldiafa-event-amak-mining-company-qahwaji-exhibition.webp,yes,single_ok,public/images/events/exhibition-saudi-hosts-amak-minerals-arabic-coffee-ceremony.webp,1010,آلي,yes
38,keif-aldiafa-event-amjad-alsalam-hotels-qahwaji-exhibition.webp,yes,double,public/images/events/exhibition-hospitality-staff-almadina-hotel-resorts-saudi-event.webp,903,آلي,yes
39,keif-aldiafa-event-anjum-hotel-makkah-qahwaji-exhibition.webp,yes,double,public/images/events/royal-protocol-vip-reception-makkah-hotel-towers-majlis.webp,1147,آلي,yes
40,keif-aldiafa-event-basma-emaar-group-umrah-exhibition-qahwaji.webp,yes,double,public/images/events/official-ceremony-hospitality-staff-umm-al-qura-exhibition.webp,1189,آلي,yes
41,keif-aldiafa-event-bci-basic-chemical-industries-qahwaji-dates-exhibition.webp,yes,double,public/images/events/riyadh-event-vip-reception-alinma-booth-ceremonial-coffee.webp,968,آلي,yes
42,keif-aldiafa-event-bolt-jeddah-chamber-exhibition-two-qahwajiin-coffee-dates.webp,yes,single_ok,public/images/events/saudi-event-vip-reception-bolt-exhibition-qahwa-service.webp,708,آلي,yes
43,keif-aldiafa-event-bon-cafe-qahwaji-black-daglah-exhibition.webp,yes,double,public/images/events/qahwa-service-bon-cafe-arabic-coffee-ceremony-corporate.webp,828,آلي,yes
44,keif-aldiafa-event-brunello-cucinelli-de-beers-mall-qahwaji-red-shemagh.webp,yes,double,public/images/events/luxury-catering-foot-locker-sneaker-host-ceremonial.webp,816,آلي,yes
45,keif-aldiafa-event-dallah-albaraka-namaa-qahwaji-exhibition-1.webp,yes,double,public/images/events/corporate-event-hospitality-staff-formal-reception-saudi-hosts.webp,1134,آلي,yes
46,keif-aldiafa-event-dallah-albaraka-qahwaji-exhibition-2.webp,yes,double,public/images/events/ksa-event-exhibition-dallah-albarka-dates-tray-ceremonial.webp,891,آلي,yes
47,keif-aldiafa-event-dallah-albaraka-qahwaji-exhibition-3.webp,yes,double,public/images/events/conference-catering-saudi-hosts-vip-reception-dallah-albaraka.webp,923,آلي,yes
48,keif-aldiafa-event-dallah-albaraka-qahwaji-pouring-coffee-4.webp,yes,double,public/images/events/corporate-event-vip-reception-dallah-albaraka-ceremonial-coffee.webp,512,آلي,yes
49,keif-aldiafa-event-dallah-haj-transport-booth-qahwaji.webp,yes,double,public/images/events/corporate-event-dallah-hajj-transport-ceremonial-coffee.webp,674,آلي,yes
50,keif-aldiafa-event-dallah-taibah-hotel-madinah-qahwaji-exhibition.webp,yes,double,public/images/events/hotel-event-dallah-taibah-luxury-catering-qahwa-service.webp,1039,آلي,yes
51,keif-aldiafa-event-dareen-travel-agency-qahwaji-exhibition.webp,yes,double,public/images/events/saudi-event-conference-catering-dareen-travel-agency-indoor.webp,1116,آلي,yes
52,keif-aldiafa-event-dawood-trading-company-lobby-qahwaji-golden-dallah.webp,yes,single_ok,public/images/events/corporate-event-saudi-host-qahwa-office-reception-traditional.webp,594,آلي,yes
53,keif-aldiafa-event-dragon-city-jeddah-grand-opening-qahwajiin-stage-1.webp,yes,double,public/images/events/indoor-event-new-balance-foot-locker-coffee-booth.webp,1238,آلي,yes
54,keif-aldiafa-event-dragon-city-jeddah-grand-opening-two-qahwajiin-red-carpet-2.webp,yes,double,public/images/events/exhibition-vip-reception-foot-locker-coffee-kiosk.webp,1214,آلي,yes
55,keif-aldiafa-event-flyadeal-airline-booth-qahwaji-arabic-coffee.webp,yes,single_ok,public/images/events/ksa-event-vip-reception-arabic-coffee-flyadeal-corporate.webp,638,آلي,yes
56,keif-aldiafa-event-foot-locker-adidas-red-sea-mall-photo-mirror-customers.webp,yes,double,public/images/services/artistic/photo-booth/photo-booth-3.webp,1184,آلي,yes
57,keif-aldiafa-event-foot-locker-american-eagle-national-day-printed-tote-bags.webp,yes,single_ok,public/images/services/artistic/artist/artist-1.webp,1071,آلي,yes
58,keif-aldiafa-event-foot-locker-new-balance-coffee-kiosk-qahwaji-1.webp,yes,single_ok,public/images/events/official-ceremony-grand-opening-saudi-hosts-red-backdrop.webp,1207,آلي,yes
59,keif-aldiafa-event-foot-locker-new-balance-coffee-kiosk-qahwaji-2.webp,yes,single_ok,public/images/events/government-event-official-ceremony-saudi-hosts-grand-opening.webp,889,آلي,yes
60,keif-aldiafa-event-foot-locker-store-arabic-calligraphy-station.webp,yes,double,public/images/services/artistic/artist/artist-7.webp,1325,آلي,yes
61,keif-aldiafa-event-gaib-furniture-arabic-calligrapher-tote-bag.webp,yes,single_ok,public/images/services/artistic/artist/artist-5.webp,1000,آلي,yes
62,keif-aldiafa-event-gaib-furniture-calligrapher-writing-sarah-tote-2.webp,yes,single_ok,public/images/services/artistic/artist/artist-5.webp,1420,آلي,yes
63,keif-aldiafa-event-glory-of-luxury-dar-alfakhama-booth-qahwaji.webp,yes,single_ok,public/images/events/luxury-catering-saudi-hosts-glory-of-luxury-indoor-event.webp,1181,آلي,yes
64,keif-aldiafa-event-hafil-transport-exhibition-booth-qahwaji.webp,yes,double,public/images/events/ksa-event-exhibition-hafil-pink-luxury-catering.webp,1239,آلي,yes
65,keif-aldiafa-event-hilmuna-al-ghalya-wall-qahwaji-black-daglah.webp,yes,single_ok,public/images/services/male/hosts/dagla/dagla-4.webp,691,آلي,yes
66,keif-aldiafa-event-iconica-boutique-opening-mall-qahwaji.webp,yes,double,public/images/events/saudi-event-vip-reception-luxury-retail-traditional-attire.webp,433,آلي,yes
67,keif-aldiafa-event-ishraq-almadina-mias-sunrise-hotels-axiscare-qahwaji.webp,yes,single_ok,public/images/events/formal-reception-government-event-majad-booth-arabic-coffee.webp,1199,آلي,yes
68,keif-aldiafa-event-jeddah-central-development-company-qahwaji-vip-guests.webp,yes,single_ok,public/images/events/saudi-event-vip-arabic-coffee-ceremony-camel-decor-indoor.webp,848,آلي,yes
69,keif-aldiafa-event-luxury-menswear-boutique-qahwaji-coffee-sweets.webp,yes,double,public/images/events/vip-reception-luxury-catering-menswear-boutique-host.webp,1200,آلي,yes
70,keif-aldiafa-event-makkah-hotel-towers-mcdc-qahwaji-exhibition-1.webp,yes,single_ok,public/images/events/ksa-event-luxury-catering-mcdc-conference-ceremonial-coffee.webp,756,آلي,yes
71,keif-aldiafa-event-makkah-hotel-towers-mcdc-qahwaji-pouring-coffee-2.webp,yes,single_ok,public/images/events/marble-hall-makkah-hotel-towers-saudi-hosts-dates-tray.webp,475,آلي,yes
72,keif-aldiafa-event-makkiyoon-golden-qahwaji-exhibition-makkah.webp,yes,single_ok,public/images/events/outdoor-event-tourism-booth-expo-saudi-host-coffee-set.webp,920,آلي,yes
73,keif-aldiafa-event-manasik-almashaer-ghufranak-qahwaji-hajj-expo-1.webp,yes,single_ok,public/images/events/saudi-hosts-ceremonial-coffee-expo-makkah-hotel-booth.webp,752,آلي,yes
74,keif-aldiafa-event-manasik-almashaer-ghufranak-qahwaji-hajj-expo-2.webp,yes,single_ok,public/images/events/saudi-event-formal-reception-makkah-themed-exhibition.webp,671,آلي,yes
75,keif-aldiafa-event-millennium-hotels-resorts-qahwaji-exhibition.webp,yes,single_ok,public/images/events/corporate-event-exhibition-makkiyoon-traditional-attire-qahwa.webp,613,آلي,yes
76,keif-aldiafa-event-nahda-park-view-113-real-estate-qahwaji-jeddah.webp,yes,double,public/images/events/indoor-event-luxury-catering-ceremonial-coffee-exhibition-reception.webp,749,آلي,yes
77,keif-aldiafa-event-najeeb-auto-jimny-ksa-club-qahwaji-dates.webp,yes,double,public/images/events/expo-jimny-ksa-club-saudi-hosts-gift-presentation.webp,605,آلي,yes
78,keif-aldiafa-event-najeeb-auto-suzuki-showroom-qahwaji-dates-palm-counter-3.webp,yes,single_ok,public/images/events/formal-reception-hospitality-staff-york-arabic-coffee-ceremony.webp,1071,آلي,yes
79,keif-aldiafa-event-nayifat-finance-qahwaji-exhibition.webp,yes,double,public/images/events/indoor-event-saudi-hosts-bisht-qahwa-service-traditional.webp,1238,آلي,yes
80,keif-aldiafa-event-new-balance-kiehls-store-interactive-photo-mirror.webp,yes,double,public/images/services/artistic/photo-booth/photo-booth-2.webp,763,آلي,yes
81,keif-aldiafa-event-omoda-c5-car-launch-mirror-photo-booth.webp,yes,single_ok,public/images/services/artistic/photo-booth/photo-booth-6.webp,1192,آلي,yes
82,keif-aldiafa-event-osus-alinsha-contracting-qahwaji-exhibition.webp,yes,single_ok,public/images/events/jeddah-event-marble-hall-osus-alinsha-vip-reception.webp,1267,آلي,yes
83,keif-aldiafa-event-rawahel-almashaer-pilgrims-qahwaji-exhibition.webp,yes,single_ok,public/images/events/exhibition-hospitality-rawahil-al-mashaer-arabic-coffee-ceremony.webp,495,آلي,yes
84,keif-aldiafa-event-safwat-alshaaer-pilgrims-services-qahwaji-hajj-expo.webp,yes,single_ok,public/images/events/conference-catering-hospitality-staff-medical-college-exhibition.webp,550,آلي,yes
85,keif-aldiafa-event-shs-saja-hospitality-solutions-exhibition-qahwaji.webp,yes,single_ok,public/images/events/saudi-event-luxury-catering-hospitality-staff-saja-exhibition.webp,1254,آلي,yes
86,keif-aldiafa-event-suzuki-najeeb-auto-showroom-qahwaji-balloon-arch-1.webp,yes,single_ok,public/images/events/saudi-event-vip-reception-suzuki-exhibition-arabic-coffee.webp,1109,آلي,yes
87,keif-aldiafa-event-suzuki-najeeb-auto-showroom-qahwaji-red-thobe-dates-palm-2.webp,yes,single_ok,public/images/events/conference-catering-saudi-electricity-company-dates-tray-luxury.webp,570,آلي,yes
88,keif-aldiafa-event-takween-alwatan-support-services-qahwaji-exhibition.webp,yes,double,public/images/events/ksa-event-corporate-event-takween-al-watan-ceremonial-coffee.webp,563,آلي,yes
89,keif-aldiafa-event-tawkeel-umrah-qahwaji-dates-sweets-exhibition-1.webp,yes,double,public/images/events/luxury-catering-arabic-coffee-ceremony-gala-dinner-indoor.webp,726,آلي,yes
90,keif-aldiafa-event-tawkeel-umrah-qahwaji-pouring-coffee-2.webp,yes,single_ok,public/images/events/ksa-event-qahwa-service-corporate-event-tawkeel.webp,558,آلي,yes
91,keif-aldiafa-event-the-private-aviation-company-booth-qahwaji-1.webp,yes,single_ok,public/images/events/jeddah-event-formal-reception-private-aviation-qahwa-service.webp,1251,آلي,yes
92,keif-aldiafa-event-the-private-aviation-company-booth-qahwaji-2.webp,yes,single_ok,public/images/events/saudi-event-vip-reception-aviation-booth-arabic-coffee-ceremony.webp,1116,آلي,yes
93,keif-aldiafa-event-york-hvac-company-lobby-qahwaji-dates-sweets-2.webp,yes,single_ok,public/images/events/corporate-event-vip-suzuki-showroom-arabic-coffee-ceremony.webp,558,آلي,yes
94,keif-aldiafa-event-york-hvac-showroom-qahwaji-dates-coffee.webp,yes,single_ok,public/images/events/indoor-event-exhibition-york-booth-qahwa-service.webp,948,آلي,yes
95,keif-aldiafa-event-mavera-hall-jeddah-incense-mabkhara-server-1.webp,yes,single_ok,public/images/services/male/hosts/hizam/hizam-1.webp,589,آلي,yes
96,keif-aldiafa-event-mavera-hall-jeddah-incense-mabkhara-server-2.webp,yes,single_ok,public/images/weddings/saudi-wedding-vip-wedding-hall-host-dallah-flag.webp,807,آلي,yes
97,keif-aldiafa-golden-backlit-outdoor-coffee-bar-night-dallahs-incense.webp,yes,double,public/images/services/artistic/counter/counter-1.webp,1059,آلي,yes
98,keif-aldiafa-golden-hospitality-counter-saudi-emblem-server-drinks-station.webp,yes,double,public/images/services/artistic/counter/counter-2.webp,585,آلي,yes
99,keif-aldiafa-luxury-majlis-gold-columns-buffet-guests-panoramic.webp,yes,double,public/images/hero/hero-desktop.webp,274,آلي,no
100,keif-aldiafa-mubashirin-lined-along-wedding-hall-aisle-golden-dallahs.webp,yes,single_ok,public/images/weddings/arab-wedding-men-section-wedding-decoration-qahwa-station.webp,1224,آلي,yes
101,keif-aldiafa-qahwaji-black-daglah-behind-coffee-water-sweets-table.webp,yes,double,public/images/services/artistic/mobile-table/table-3.webp,1084,آلي,yes
102,keif-aldiafa-qahwaji-black-daglah-carrying-tray-dallah-cups-hotel-lobby.webp,yes,double,public/images/services/male/hosts/dagla-janbiya/dagla-janbiya-1.webp,558,آلي,yes
103,keif-aldiafa-qahwaji-lavender-themed-hospitality-corner-camel-cutout.webp,yes,double,public/images/events/majlis-qahwa-service-saudi-event-camel-decor.webp,331,آلي,yes
104,keif-aldiafa-qahwaji-red-shemagh-saudi-flag-national-pavilion.webp,yes,double,public/images/events/ksa-event-qahwa-service-hospitality-staff-arabic-coffee-ceremony.webp,620,آلي,yes
105,keif-aldiafa-qahwajiin-incense-and-dallah-majlis-hall-guests-seated.webp,yes,double,public/images/events/saudi-event-vip-reception-luxury-catering-majlis-traditional-attire.webp,681,آلي,yes
106,keif-aldiafa-qahwajiin-incense-welcome-luxury-hotel-lobby-chandelier.webp,yes,double,public/images/hero/hero-mobile.webp,555,آلي,no
107,keif-aldiafa-server-black-suit-gold-tray-six-glasses-red-tea.webp,yes,double,public/images/hot-drinks/red-tea.webp,630,آلي,yes
108,keif-aldiafa-server-gold-tray-four-turkish-coffee-cups-qr-card-roses.webp,yes,double,public/images/hot-drinks/turkish-coffee.webp,526,آلي,yes
109,keif-aldiafa-server-gold-tray-green-tea-glasses-qr-card-white-roses.webp,yes,double,public/images/hot-drinks/green-tea.webp,686,آلي,yes
110,keif-aldiafa-server-white-jacket-gold-tray-pineapple-ginger-juice.webp,yes,double,public/images/hot-drinks/ginger-pineapple.webp,345,آلي,yes
111,keif-aldiafa-team-catering-staff-uniform-apron-badge.webp,yes,double,public/images/services/male/safarjia/safarjia-6.webp,547,آلي,yes
112,keif-aldiafa-team-female-hospitality-staff-rose-wall-promo.webp,yes,double,public/images/services/female-services/female-7.webp,1327,آلي,yes
113,keif-aldiafa-team-female-server-serving-tray-of-tea.webp,yes,double,public/images/services/female-services/female-3.webp,1294,آلي,yes
114,keif-aldiafa-team-female-staff-lineup-floral-backdrop.webp,yes,single_ok,public/images/services/female-services/female-6.webp,1284,آلي,yes
115,keif-aldiafa-team-five-hostesses-uniform-white-shirt-gloves-rose-wall.webp,yes,double,public/images/services/female/hostesses/hostess-1.webp,1281,آلي,yes
116,keif-aldiafa-team-five-qahwajiin-black-daglah-golden-dallah-wedding-hall.webp,yes,single_ok,public/images/weddings/luxury-wedding-hall-male-hosts-dallah-gift-tray.webp,674,آلي,yes
117,keif-aldiafa-team-four-male-staff-traditional-dress-standing-indoor.webp,yes,single_ok,public/images/weddings/saudi-wedding-traditional-uniform-male-hosts-white-thobe.webp,852,آلي,yes
118,keif-aldiafa-team-four-masked-servers-group-photo.webp,yes,double,public/images/services/safarjia/safarji-3.webp,745,آلي,yes
119,keif-aldiafa-team-four-servers-in-white-tulle-dresses-holding-trays.webp,yes,single_ok,public/images/services/female-services/female-8.webp,904,آلي,yes
120,keif-aldiafa-team-fourteen-qahwajiin-black-daglah-lineup-wedding-hall-2.webp,yes,single_ok,public/images/weddings/riyadh-wedding-vip-wedding-hall-male-host.webp,1276,آلي,yes
121,keif-aldiafa-team-fourteen-qahwajiin-black-daglah-lineup-wedding-hall-jeddah-1.webp,yes,single_ok,public/images/weddings/jeddah-wedding-men-section-traditional-uniform-luxury-wedding.webp,1317,آلي,yes
122,keif-aldiafa-team-golden-tray-karak-chai-tea.webp,yes,single_ok,public/images/hot-drinks/karak-tea.webp,680,آلي,yes
123,keif-aldiafa-team-hospitality-staff-three-uniforms-banner.webp,yes,double,public/images/services/safarjia/safarjia-main-bg.webp,1009,آلي,yes
124,keif-aldiafa-team-man-holding-golden-incense-burner-entrance.webp,yes,double,public/images/weddings/qahwa-station-male-host-dallah-wedding-hall-ceremony.webp,366,آلي,yes
125,keif-aldiafa-team-man-in-traditional-attire-holding-dallah.webp,yes,double,public/images/services/male/souqiya/souqiya-3.webp,489,آلي,yes
126,keif-aldiafa-team-man-pouring-coffee-from-dallah.webp,yes,double,public/images/services/male/hosts/dagla/dagla-1.webp,509,آلي,yes
127,keif-aldiafa-team-man-served-incense-mabkhara.webp,yes,double,public/images/weddings/saudi-wedding-qahwa-station-dallah-white-thobe.webp,698,آلي,yes
128,keif-aldiafa-team-man-serving-arabic-coffee-cup.webp,yes,double,public/images/weddings/saudi-wedding-male-host-arabic-coffee-luxury-wedding.webp,645,آلي,yes
129,keif-aldiafa-team-men-in-traditional-garments-indoor-hall.webp,yes,single_ok,public/images/weddings/arab-wedding-hall-men-section-male-hosts-marble.webp,190,آلي,yes
130,keif-aldiafa-team-men-serving-coffee-and-sweets-at-table.webp,yes,double,public/images/events/formal-reception-indoor-event-saudi-hosts-luxury-catering.webp,821,آلي,yes
131,keif-aldiafa-team-nine-hostesses-rose-wall-womens-services-banner-hires.webp,yes,single_ok,public/images/services/female-services/female-7.webp,1415,آلي,yes
132,keif-aldiafa-team-nine-qahwajiin-black-embroidered-daglah-banquet-hall-2.webp,yes,double,public/images/weddings/jeddah-wedding-men-section-traditional-uniform-luxury-wedding.webp,847,آلي,yes
133,keif-aldiafa-team-nine-qahwajiin-white-thobe-black-vest-luxury-hall.webp,yes,double,public/images/weddings/luxury-wedding-men-section-traditional-uniform-wedding-hall.webp,1121,آلي,yes
134,keif-aldiafa-team-nine-qahwajiin-white-thobe-black-vest-ornate-hall-2.webp,yes,double,public/images/weddings/luxury-wedding-men-section-traditional-uniform-wedding-hall.webp,662,آلي,yes
135,keif-aldiafa-team-person-offering-tray-of-assorted-sweets-embroidered-garment.webp,yes,double,public/images/distributions/jeddah-vip-dates-dessert-gahwa-gift-tray.webp,1249,آلي,yes
136,keif-aldiafa-team-person-serving-golden-dallah-coffee.webp,yes,single_ok,public/images/weddings/wedding-coffee-male-host-dallah-tray-white-thobe.webp,472,آلي,yes
137,keif-aldiafa-team-qahwaji-floral-counter-exhibition-hall-tv-screens.webp,yes,single_ok,public/images/events/ksa-event-arabic-coffee-ceremony-masked-host-exhibition.webp,693,آلي,yes
138,keif-aldiafa-team-qahwaji-mobile-sadu-table-water-cups-hall.webp,yes,single_ok,public/images/services/artistic/mobile-table/table-3.webp,695,آلي,yes
139,keif-aldiafa-team-qahwajiin-black-bisht-lineup-luxury-hall-lowres.webp,decorative,single_ok,public/images/weddings/arab-wedding-hall-men-section-male-hosts-marble.webp,1076,آلي,yes
140,keif-aldiafa-team-qahwajiin-black-daglah-serving-guests-hotel-corridor.webp,yes,single_ok,public/images/weddings/saudi-wedding-men-section-male-host-dallah-traditional.webp,1133,آلي,yes
141,keif-aldiafa-team-server-holding-dallah-and-dates.webp,yes,single_ok,public/images/weddings/saudi-wedding-male-host-dallah-dates-qahwa-station.webp,1036,آلي,yes
142,keif-aldiafa-team-server-pouring-dallah-at-exhibition-booth.webp,yes,single_ok,public/images/events/gala-dinner-vip-reception-royal-protocol-marble-luxury.webp,666,آلي,yes
143,keif-aldiafa-team-server-presenting-gold-tray-to-seated-men.webp,yes,double,public/images/weddings/arab-wedding-male-host-qahwa-station-vip-wedding.webp,911,آلي,yes
144,keif-aldiafa-team-server-serving-tray-in-indoor-gathering.webp,yes,double,public/images/weddings/saudi-wedding-male-host-coffee-vip-wedding-hall.webp,850,آلي,yes
145,keif-aldiafa-team-servers-holding-dallah-in-banquet-hall.webp,yes,double,public/images/weddings/saudi-wedding-men-section-male-host-dallah-traditional.webp,940,آلي,yes
146,keif-aldiafa-team-ten-qahwajiin-black-embroidered-daglah-banquet-hall.webp,yes,double,public/images/weddings/riyadh-wedding-vip-wedding-hall-male-host.webp,845,آلي,yes
147,keif-aldiafa-team-three-hospitality-staff-standing-banqueting-room.webp,yes,double,public/images/services/male/safarjia/safarjia-2.webp,755,آلي,yes
148,keif-aldiafa-team-three-masked-servers-with-gold-sign.webp,yes,double,public/images/services/safarjia/safarji-2.webp,504,آلي,yes
149,keif-aldiafa-team-three-staff-in-black-uniforms-with-gold-sign.webp,yes,double,public/images/services/male/safarjia/safarjia-3.webp,599,آلي,yes
150,keif-aldiafa-team-three-staff-in-white-shirts-and-beige-aprons.webp,yes,single_ok,public/images/services/male/safarjia/safarjia-5.webp,390,آلي,yes
151,keif-aldiafa-team-three-waitstaff-in-banquet-hall.webp,yes,double,public/images/services/safarjia/safarji-4.webp,974,آلي,yes
152,keif-aldiafa-team-three-waitstaff-in-black-aprons.webp,yes,double,public/images/services/safarjia/safarji-1.webp,1110,آلي,yes
153,keif-aldiafa-team-three-waitstaff-standing-in-banquet-hall.webp,yes,double,public/images/services/male/safarjia/safarjia-4.webp,621,آلي,yes
154,keif-aldiafa-team-three-women-white-dresses-in-mirror.webp,yes,double,public/images/services/female/hostesses/hostess-2.webp,176,آلي,yes
155,keif-aldiafa-team-two-servers-holding-brass-pots-indoor.webp,yes,double,public/images/services/male/hosts/makkawi/makkawi-1.webp,1007,آلي,yes
156,keif-aldiafa-team-two-servers-holding-dallah-coffee-pots.webp,yes,double,public/images/services/male/hosts/makkawi/makkawi-2.webp,854,آلي,yes
157,keif-aldiafa-team-two-servers-serving-desserts-and-arabic-coffee.webp,yes,double,public/images/services/female-services/female-2.webp,1083,آلي,yes
158,keif-aldiafa-team-two-staff-masked-lobby.webp,yes,double,public/images/services/female-services/female-1.webp,785,آلي,yes
159,keif-aldiafa-team-two-women-red-uniforms-lobby.webp,yes,double,public/images/services/female-services/female-4.webp,1023,آلي,yes
160,keif-aldiafa-team-uniformed-staff-portrait.webp,yes,double,public/images/services/female-services/female-5.webp,446,آلي,yes
161,keif-aldiafa-team-woman-niqab-holding-green-cutout.webp,yes,single_ok,public/images/services/artistic/artist/artist-3.webp,389,آلي,yes
162,keif-aldiafa-three-qahwajiin-black-daglah-wedding-reception-cb-monogram-balloons.webp,yes,single_ok,public/images/weddings/luxury-wedding-decoration-male-hosts-traditional-uniform.webp,622,آلي,yes
163,keif-aldiafa-two-hostesses-uniform-serving-arabic-coffee-and-pastries-majlis.webp,yes,double,public/images/services/female-services/female-main-bg.webp,1191,آلي,yes
164,keif-aldiafa-two-qahwajiin-black-daglah-dates-tray-and-dallah-corridor.webp,yes,double,public/images/services/male/hosts/dagla/dagla-2.webp,1121,آلي,yes
165,keif-aldiafa-two-sababin-white-thobe-crossed-belt-tea-coffee-bar-wedding-hall.webp,yes,double,public/images/services/male/hosts/hizam/hizam-2.webp,1066,آلي,yes
166,keif-aldiafa-equipment-brass-dallah-coffee-pots-and-cups-display.webp,yes,single_ok,public/images/services/male/souqiya/souqiya-7.webp,285,آلي,yes
167,keif-aldiafa-equipment-clear-glass-cup-and-saucer-product-display.webp,yes,single_ok,public/images/serving-equipment/glass-tea-cup.webp,639,آلي,yes
168,keif-aldiafa-equipment-clear-glass-cup-gold-stripes.webp,yes,single_ok,public/images/serving-equipment/coffee-glass.webp,629,آلي,yes
169,keif-aldiafa-equipment-clear-glass-cup-with-gold-stripes-and-logo.webp,yes,single_ok,public/images/equipment/saudi-luxury-ornate-tea-glass-golden-silver-hospitality.webp,383,آلي,yes
170,keif-aldiafa-equipment-clear-ribbed-glass-cup-and-saucer.webp,yes,single_ok,public/images/equipment/saudi-traditional-ribbed-glass-tea-cup-set.webp,198,آلي,yes
171,keif-aldiafa-equipment-clear-stem-glass-on-branded-white-background.webp,yes,single_ok,public/images/equipment/saudi-golden-striped-tea-cup-saucer-hospitality.webp,641,آلي,yes
172,keif-aldiafa-equipment-clear-stemmed-wine-glass-on-branded-background.webp,yes,single_ok,public/images/serving-equipment/glass-cup.webp,635,آلي,yes
173,keif-aldiafa-equipment-clear-stemmed-wine-glass-with-brand-logo.webp,yes,single_ok,public/images/equipment/saudi-silver-dallah-serveware-luxury-hospitality.webp,190,آلي,yes
174,keif-aldiafa-equipment-decorative-glass-teacup-and-saucer.webp,yes,single_ok,public/images/equipment/arabic-coffee-gahwa-ornate-glass-cup-set-equipment.webp,545,آلي,yes
175,keif-aldiafa-equipment-decorative-gold-pattern-glass-cups-saucer.webp,yes,single_ok,public/images/equipment/traditional-saudi-clear-glass-qahwa-cup.webp,648,آلي,yes
176,keif-aldiafa-equipment-glass-cup-gold-stripes-saucer-logo.webp,yes,single_ok,public/images/equipment/royal-golden-dallah-coffee-pot-saudi-hospitality.webp,437,آلي,yes
177,keif-aldiafa-equipment-glass-cup-with-gold-vertical-stripes-on-saucer.webp,yes,single_ok,public/images/serving-equipment/coffee-finjan.webp,823,آلي,yes
178,keif-aldiafa-equipment-glass-mug-gold-rim-palm-and-crossed-swords.webp,yes,single_ok,public/images/equipment/saudi-arabic-coffee-emblem-handled-mug-golden-hospitality.webp,726,آلي,yes
179,keif-aldiafa-equipment-glass-mug-with-gold-stripes-on-saucer.webp,yes,single_ok,public/images/equipment/luxury-faceted-tea-cup-transparent-hospitality.webp,838,آلي,yes
180,keif-aldiafa-equipment-glass-mug-with-palm-and-crossed-swords-emblem.webp,yes,single_ok,public/images/serving-equipment/tea-cup.webp,726,آلي,yes
181,keif-aldiafa-equipment-glass-tea-sets-with-gold-display-stands.webp,yes,single_ok,public/images/equipment/ksa-luxury-qahwa-golden-glass-cup-stand-majlis.webp,511,آلي,yes
182,keif-aldiafa-equipment-glass-teacup-jug-saucer-display.webp,yes,single_ok,public/images/equipment/luxury-clear-ribbed-glass-cup-saucer-hospitality.webp,650,آلي,yes
183,keif-aldiafa-equipment-glass-tumbler-gold-stripes-branded-background.webp,yes,single_ok,public/images/equipment/saudi-clear-cup-saucer-golden-stripes-hospitality.webp,637,آلي,yes
184,keif-aldiafa-equipment-gold-and-glass-multi-tier-stand.webp,yes,single_ok,public/images/equipment/jeddah-vip-majlis-golden-arabic-coffee-stand.webp,537,آلي,yes
185,keif-aldiafa-equipment-gold-dallah-arabic-coffee-pot.webp,yes,single_ok,public/images/equipment/saudi-luxury-gold-rimmed-emblem-coffee-pot.webp,874,آلي,yes
186,keif-aldiafa-equipment-gold-dallah-blue-pattern-background-catalog.webp,yes,single_ok,public/images/equipment/saudi-luxury-gold-rimmed-emblem-coffee-pot.webp,1435,آلي,yes
187,keif-aldiafa-equipment-gold-emblem-porcelain-coffee-cups.webp,yes,single_ok,public/images/equipment/saudi-gold-palm-gahwa-cups-set.webp,775,آلي,yes
188,keif-aldiafa-equipment-gold-glass-multi-tier-serving-stand.webp,yes,single_ok,public/images/equipment/ksa-golden-buffet-tray-glass-cups-hospitality.webp,686,آلي,yes
189,keif-aldiafa-equipment-gold-glass-tea-stand-table.webp,yes,double,public/images/equipment/saudi-arabic-coffee-vip-golden-cup-stand-majlis.webp,562,آلي,yes
190,keif-aldiafa-equipment-gold-pitchers-tripod-stands-orchid-centerpiece.webp,yes,double,public/images/services/male/souqiya/souqiya-4.webp,1166,آلي,yes
191,keif-aldiafa-equipment-gold-rimmed-porcelain-cups-on-gold-tray.webp,yes,single_ok,public/images/equipment/saudi-ceremonial-golden-tray-white-cups-hospitality.webp,463,آلي,yes
192,keif-aldiafa-equipment-gold-tea-glass-tree-stand-white-table.webp,yes,single_ok,public/images/services/male/souqiya/souqiya-2.webp,1324,آلي,yes
193,keif-aldiafa-equipment-gold-tray-clear-glasses-palm-motif.webp,yes,single_ok,public/images/equipment/riyadh-luxury-arabic-coffee-glass-cup-dessert-table.webp,505,آلي,yes
194,keif-aldiafa-equipment-golden-brass-pitchers-set-collection.webp,yes,single_ok,public/images/services/male/souqiya/souqiya-7.webp,1300,آلي,yes
195,keif-aldiafa-equipment-golden-dallah-and-cups-display.webp,yes,double,public/images/services/male/souqiya/souqiya-5.webp,729,آلي,yes
196,keif-aldiafa-equipment-golden-dallah-coffee-pot-on-glass-table.webp,yes,double,public/images/equipment/vip-saudi-golden-dallah-dates-table.webp,665,آلي,yes
197,keif-aldiafa-equipment-golden-dallah-coffee-pot-product-shot.webp,yes,single_ok,public/images/serving-equipment/coffee-dallah.webp,843,آلي,yes
198,keif-aldiafa-equipment-golden-decorative-vessel-on-marble-table.webp,yes,double,public/images/services/male/souqiya/souqiya-6.webp,190,آلي,yes
199,keif-aldiafa-equipment-metal-dallah-coffee-pot-product-display.webp,yes,single_ok,public/images/equipment/saudi-luxury-silver-dallah-arabic-coffee-equipment.webp,872,آلي,yes
200,keif-aldiafa-equipment-ornate-gold-accent-tea-glass-with-saucer.webp,yes,single_ok,public/images/serving-equipment/white-tea-cup.webp,647,آلي,yes
201,keif-aldiafa-equipment-ornate-gold-vessel-with-blue-beads.webp,yes,double,public/images/services/sawas/sawas-style-2.webp,1125,آلي,yes
202,keif-aldiafa-equipment-ornate-golden-decorative-vessel-display.webp,yes,double,public/images/services/sawas/sawas-style-4.webp,1076,آلي,yes
203,keif-aldiafa-equipment-ornate-golden-tiered-stand-blue-beads-dallah-cup-tray.webp,yes,double,public/images/services/male/sawas/sawas-5.webp,582,آلي,yes
204,keif-aldiafa-equipment-ornate-golden-tiered-stand-coins-turquoise-beads-glass-cups.webp,yes,double,public/images/services/male/sawas/sawas-3.webp,519,آلي,yes
205,keif-aldiafa-equipment-silver-arabic-coffee-pot-dallah.webp,yes,single_ok,public/images/serving-equipment/golden-dallah.webp,867,آلي,yes
206,keif-aldiafa-equipment-silver-dallah-coffee-pot-with-k-logo.webp,yes,single_ok,public/images/equipment/luxury-clear-stemmed-goblet-glass-hospitality.webp,697,آلي,yes
207,keif-aldiafa-equipment-white-ceramic-cup-on-saucer-with-branded-frame.webp,yes,single_ok,public/images/serving-equipment/coffee-mug.webp,655,آلي,yes
208,keif-aldiafa-equipment-white-cup-and-saucer-with-brand-frame.webp,yes,single_ok,public/images/equipment/luxury-saudi-white-coffee-cup-saucer.webp,639,آلي,yes
209,keif-aldiafa-equipment-white-cup-and-saucer-with-k-logo.webp,yes,single_ok,public/images/equipment/saudi-luxury-hospitality-white-porcelain-cup-saucer.webp,177,آلي,yes
210,keif-aldiafa-equipment-white-emblem-cups-stacked-gold-tray.webp,yes,single_ok,public/images/equipment/saudi-ceremonial-golden-tray-white-cups-hospitality.webp,1332,آلي,yes
211,keif-aldiafa-equipment-white-gold-porcelain-coffee-cups.webp,yes,single_ok,public/images/serving-equipment/coffee-cups.webp,790,آلي,yes
212,keif-aldiafa-equipment-white-porcelain-cup-saucer-k-logo-catalog.webp,yes,single_ok,public/images/equipment/saudi-luxury-hospitality-white-porcelain-cup-saucer.webp,710,آلي,yes
213,keif-aldiafa-offering-assorted-stuffed-dates-on-trays.webp,yes,double,public/images/dates/stuffed-dates.webp,1012,آلي,yes
214,keif-aldiafa-offering-baklava-silver-trays-fruit-platters-gold-stands-1.webp,yes,double,public/images/sweets/saudi-traditional-baklava-kunafa-pistachio-fruit-platter.webp,870,آلي,yes
215,keif-aldiafa-offering-baklava-silver-trays-fruit-platters-gold-stands-2.webp,yes,double,public/images/sweets/saudi-fruit-platter-baklava-pistachio-dessert.webp,844,آلي,yes
216,keif-aldiafa-offering-bedouin-tent-majlis-sadu-cushions-outdoor-turf-stage.webp,yes,single_ok,public/images/services/artistic/heritage-tent/tent-4.webp,981,آلي,yes
217,keif-aldiafa-offering-brass-coffee-urn-and-cups-table-setup.webp,yes,double,public/images/services/male/souqiya/souqiya-2.webp,248,آلي,yes
218,keif-aldiafa-offering-buffet-dessert-display-glasses-cakes.webp,yes,double,public/images/sweets/saudi-luxury-dessert-buffet-mini-cakes-shooters.webp,939,آلي,yes
219,keif-aldiafa-offering-caramel-pistachio-sweets-platter.webp,yes,single_ok,public/images/dates/stuffed-dates-3.webp,859,آلي,yes
220,keif-aldiafa-offering-corporate-buffet-tiered-wooden-stands-mini-pastries-flowers.webp,yes,double,public/images/services/artistic/buffet/buffet-2.webp,965,آلي,yes
221,keif-aldiafa-offering-date-palm-food-display.webp,yes,double,public/images/dates/palm-khalas-stuffed.webp,1185,آلي,yes
222,keif-aldiafa-offering-date-trunk-palm-food-display.webp,yes,double,public/images/distributions/saudi-luxury-palm-date-sweets-distribution.webp,1190,آلي,yes
223,keif-aldiafa-offering-dates-sweets-woven-trays-golden-incense-burner-dallah.webp,yes,double,public/images/equipment/royal-saudi-gold-qahwa-dates-service.webp,1006,آلي,yes
224,keif-aldiafa-offering-decorative-palm-sweets-tray-arrangement.webp,yes,double,public/images/dates/palm-sukari-stuffed.webp,1034,آلي,yes
225,keif-aldiafa-offering-dessert-appetizer-buffet-creme-caramel-petit-fours-fruit-skewers.webp,yes,double,public/images/sweets/saudi-elegant-dessert-buffet-panna-cotta-shooters.webp,387,آلي,yes
226,keif-aldiafa-offering-dessert-buffet-parfait-glasses-cake-slices-oriental-sweets.webp,yes,double,public/images/sweets/saudi-luxury-dessert-buffet-chocolate-mousse-basbousa.webp,963,آلي,yes
227,keif-aldiafa-offering-dessert-buffet-table-with-chalkboard.webp,yes,double,public/images/sweets/saudi-luxury-dessert-station-fresh-fruit-mix.webp,479,آلي,yes
228,keif-aldiafa-offering-dessert-buffet-table-with-cups-and-pastries.webp,yes,single_ok,public/images/sweets/saudi-luxury-dessert-station-fruit-mousse-cups.webp,997,آلي,yes
229,keif-aldiafa-offering-dessert-buffet-table-with-varied-pastries.webp,yes,double,public/images/sweets/saudi-elegant-dessert-station-mango-panna-cotta-red-velvet.webp,846,آلي,yes
230,keif-aldiafa-offering-fatayer-manakish-sesame-croissants-platter.webp,yes,double,public/images/pastry/arabic-pastry.webp,1120,آلي,yes
231,keif-aldiafa-offering-glass-buffet-black-platters-canapes-croissants-top-view.webp,yes,double,public/images/services/artistic/buffet/buffet-3.webp,791,آلي,yes
232,keif-aldiafa-offering-glass-tea-on-decorative-tray.webp,yes,double,public/images/equipment/jeddah-luxury-ornate-tea-cup-saucer.webp,1009,آلي,yes
233,keif-aldiafa-offering-gold-accented-tea-glass-and-flower-on-ornate-tray.webp,yes,single_ok,public/images/equipment/saudi-vip-hospitality-golden-coffee-cup-stand-event.webp,447,آلي,yes
234,keif-aldiafa-offering-gold-platter-assorted-pistachio-baklava.webp,yes,single_ok,public/images/sweets/baklava.webp,1038,آلي,yes
235,keif-aldiafa-offering-gold-tiered-stands-mini-pizzas-savory-bites-banquet.webp,yes,double,public/images/services/artistic/buffet/buffet-1.webp,1035,آلي,yes
236,keif-aldiafa-offering-gold-white-wrapped-chocolates-platter.webp,yes,single_ok,public/images/sweets/patchi-chocolate.webp,444,آلي,yes
237,keif-aldiafa-offering-golden-dallah-dates-finjan-glass-table-bokeh.webp,yes,double,public/images/equipment/saudi-hospitality-glass-tea-set-equipment.webp,523,آلي,yes
238,keif-aldiafa-offering-golden-hospitality-counter-rooftop-night-string-lights.webp,yes,single_ok,public/images/services/artistic/counter/counter-1.webp,1224,آلي,yes
239,keif-aldiafa-offering-golden-tray-decorated-dates.webp,yes,single_ok,public/images/dates/khalas-stuffed.webp,488,آلي,yes
240,keif-aldiafa-offering-mini-sadu-tent-station-dallahs-clay-jar-incense-indoor.webp,yes,double,public/images/services/artistic/heritage-tent/tent-2.webp,689,آلي,yes
241,keif-aldiafa-offering-ornate-gold-coffee-service-with-flowers.webp,yes,double,public/images/services/male/souqiya/souqiya-8.webp,447,آلي,yes
242,keif-aldiafa-offering-oval-tray-dates-with-pistachios-and-coconut.webp,yes,double,public/images/dates/stuffed-dates-5.webp,618,آلي,yes
243,keif-aldiafa-offering-pyramid-of-dates-with-palm-leaves.webp,yes,double,public/images/dates/palm-sukari.webp,959,آلي,yes
244,keif-aldiafa-offering-sadu-glass-buffet-booth-guests-self-serve-qahwaji.webp,yes,double,public/images/services/artistic/heritage-tent/tent-3.webp,907,آلي,yes
245,keif-aldiafa-offering-small-sandwich-on-white-plate.webp,yes,double,public/images/sandwiches/saudi-catering-turkey-cheese-tomato-long-sandwich.webp,76,آلي,yes
246,keif-aldiafa-offering-square-arranged-clustered-box.webp,yes,single_ok,public/images/dates/stuffed-dates-2.webp,356,آلي,yes
247,keif-aldiafa-offering-stuffed-dates-platter-pistachio-sesame-chocolate.webp,yes,single_ok,public/images/dates/sukari-stuffed.webp,949,آلي,yes
248,keif-aldiafa-offering-table-with-arabic-coffee-and-sweets.webp,yes,double,public/images/distributions/riyadh-luxury-hospitality-gift-tray-qahwa-ceremony.webp,724,آلي,yes
249,keif-aldiafa-offering-three-glasses-dark-beverage.webp,yes,single_ok,public/images/cold-drinks/arak-sous.webp,78,آلي,yes
250,keif-aldiafa-offering-three-mini-cheeseburgers-on-slate.webp,yes,double,public/images/snacks/saudi-mini-beef-sliders-cheese-luxury-catering.webp,818,آلي,yes
251,keif-aldiafa-offering-three-trays-dates-filled-with-nuts.webp,yes,double,public/images/distributions/ksa-dates-arabic-sweets-gahwa-distribution.webp,992,آلي,yes
252,keif-aldiafa-offering-traditional-sweets-dates-nuts-buffet-villa-courtyard.webp,yes,double,public/images/services/artistic/heritage-tent/tent-1.webp,1127,آلي,yes
253,keif-aldiafa-offering-tray-fried-triangular-pastries.webp,yes,single_ok,public/images/pastry/samosa.webp,135,آلي,yes
254,keif-aldiafa-offering-tray-of-sahlab-drinks-with-golden-glasses.webp,yes,double,public/images/hot-drinks/sahlab.webp,686,آلي,yes
255,keif-aldiafa-offering-tray-with-four-cappuccinos.webp,yes,double,public/images/hot-drinks/cappuccino.webp,466,آلي,yes
256,keif-aldiafa-offering-tuna-salad-sesame-roll-on-white-plate.webp,yes,double,public/images/sandwiches/saudi-catering-tuna-salad-sandwich-long-roll.webp,727,آلي,yes
257,keif-aldiafa-offering-white-birthday-cake-with-red-hearts.webp,yes,single_ok,public/images/sweets/pancake.webp,849,آلي,yes
258,keif-aldiafa-service-erksous-carrier-red-carpet-outdoor-night-4.webp,yes,single_ok,public/images/services/male/sawas/sawas-2.webp,858,آلي,yes
259,keif-aldiafa-service-erksous-juice-carrier-fez-heritage-street.webp,yes,single_ok,public/images/services/male/sawas/sawas-4.webp,695,آلي,yes
260,keif-aldiafa-service-erksous-juice-carrier-levantine-costume-night-2.webp,yes,double,public/images/services/male/sawas/sawas-1.webp,621,آلي,yes
261,keif-aldiafa-service-erksous-juice-carrier-pouring-cup-night-3.webp,yes,double,public/images/services/sawas/sawas-main.webp,1121,آلي,yes
262,keif-aldiafa-service-erksous-tamarind-juice-carrier-levantine-costume-night-1.webp,yes,double,public/images/services/male/sawas/sawas-2.webp,554,آلي,yes
263,keif-aldiafa-service-folk-drummers-performance-red-carpet-night.webp,yes,double,public/images/services/artistic/folkband/folkband-1.webp,1135,آلي,yes
264,keif-aldiafa-service-hand-henna-artist-applying-design.webp,yes,single_ok,public/images/services/artistic/artist/artist-6.webp,997,آلي,yes
265,keif-aldiafa-service-hand-lifting-decorative-arabic-coffee-cup.webp,yes,double,public/images/services/artistic/artist/artist-2.webp,566,آلي,yes
266,keif-aldiafa-service-hands-drawing-on-cutout-shapes.webp,yes,single_ok,public/images/services/artistic/artist/artist-4.webp,849,آلي,yes
267,keif-aldiafa-service-henna-artist-station-outdoor-tent-night-1.webp,yes,double,public/images/services/artistic/artist/artist-8.webp,1233,آلي,yes
268,keif-aldiafa-service-henna-artist-station-outdoor-tent-night-2-closeup.webp,yes,double,public/images/services/artistic/artist/artist-9.webp,1304,آلي,yes
269,keif-aldiafa-service-heritage-tent-sadu-majlis-indoor-hall-1.webp,yes,single_ok,public/images/services/artistic/heritage-tent/tent-2.webp,1263,آلي,yes
270,keif-aldiafa-service-heritage-tent-sadu-majlis-outdoor-turf-2.webp,yes,single_ok,public/images/services/artistic/heritage-tent/tent-4.webp,1253,آلي,yes
271,keif-aldiafa-service-man-serving-traditional-cups-with-golden-stand.webp,yes,double,public/images/services/sawas/sawas-style-1.webp,1151,آلي,yes
272,keif-aldiafa-service-men-using-mirror-photo-booth.webp,yes,single_ok,public/images/services/artistic/photo-booth/photo-booth-4.webp,858,آلي,yes
273,keif-aldiafa-service-mirror-photo-booth-red-carpet-corporate-lobby.webp,yes,double,public/images/services/artistic/photo-booth/photo-booth-5.webp,1012,آلي,yes
274,keif-aldiafa-service-saudi-ardah-folk-troupe-drums-flag-night-garden.webp,yes,double,public/images/services/artistic/folkband/folkband-2.webp,627,آلي,yes
275,keif-aldiafa-service-street-beverage-vendor-dallah-traditional-fez.webp,yes,double,public/images/services/sawas/sawas-style-3.webp,799,آلي,yes
276,keif-aldiafa-generic-fruit-parfait-honey-stock.webp,decorative,double,public/images/cold-drinks/fresh-juice.webp,309,آلي,yes
277,keif-aldiafa-generic-grapes-closeup-stock.webp,decorative,double,public/images/fruits/saudi-red-green-grapes-premium-catering-fruit.webp,1137,آلي,yes
278,keif-aldiafa-generic-kiwi-slices-closeup-stock.webp,decorative,double,public/images/fruits/saudi-fresh-sliced-kiwi-luxury-hospitality-fruit.webp,448,آلي,yes
279,keif-aldiafa-generic-mixed-berries-red-bowl-stock.webp,decorative,double,public/images/fruits/saudi-mixed-berries-bowl-premium-catering-fruit.webp,855,آلي,yes
280,keif-aldiafa-generic-pineapple-chunks-bowl.webp,decorative,double,public/images/fruits/saudi-fresh-pineapple-slices-premium-catering-fruit.webp,—,يدوي,yes
281,keif-aldiafa-generic-social-banner-safraji-waiters-service-design.webp,decorative,double,public/images/services/male/safarjia/safarjia-1.webp,923,آلي,yes
282,keif-aldiafa-generic-social-banner-zamzam-saqya-service-design.webp,decorative,double,public/images/services/male/souqiya/souqiya-1.webp,275,آلي,yes
283,keif-aldiafa-generic-stock-assorted-canapes-on-slate-board.webp,decorative,single_ok,public/images/snacks/saudi-gourmet-finger-food-assortment-canapes-vip.webp,1076,آلي,yes
284,keif-aldiafa-generic-stock-assorted-pastries-plates.webp,decorative,double,public/images/pastry/assorted-pastry.webp,1043,آلي,yes
285,keif-aldiafa-generic-stock-bowl-of-glossy-dates-on-white.webp,decorative,double,public/images/dates/dates-plain.webp,1263,آلي,yes
286,keif-aldiafa-generic-stock-bruschetta-slate-serving-with-olive-oil.webp,decorative,double,public/images/snacks/saudi-italian-bruschetta-tomato-basil-luxury-appetizer.webp,1070,آلي,yes
287,keif-aldiafa-generic-stock-cheese-sandwich-on-white-plate.webp,decorative,double,public/images/sandwiches/saudi-catering-grilled-chicken-sandwich-lettuce-cheese.webp,37,آلي,yes
288,keif-aldiafa-generic-stock-chocolate-filled-croissants-on-plate.webp,decorative,double,public/images/sweets/chocolate-croissant.webp,782,آلي,yes
289,keif-aldiafa-generic-stock-crispy-fried-bites-with-mustard-dip.webp,decorative,double,public/images/snacks/saudi-crispy-chicken-popcorn-bites-honey-mustard.webp,1207,آلي,yes
290,keif-aldiafa-generic-stock-dark-beverage-with-mint-lemon-and-brown-pods.webp,decorative,double,public/images/cold-drinks/tamarind.webp,281,آلي,yes
291,keif-aldiafa-generic-stock-dates-in-silver-dish.webp,decorative,single_ok,public/images/dates/dates-assorted.webp,284,آلي,yes
292,keif-aldiafa-generic-stock-fried-cheese-croquettes-with-dipping-sauce.webp,decorative,double,public/images/snacks/saudi-golden-potato-cheese-croquettes-luxury-catering.webp,894,آلي,yes
293,keif-aldiafa-generic-stock-fruit-parfait-trio-glasses.webp,decorative,double,public/images/cold-drinks/smoothie.webp,463,آلي,yes
294,keif-aldiafa-generic-stock-fruit-topped-puff-pastries-on-stand.webp,decorative,double,public/images/pastry/fruit-pie.webp,696,آلي,yes
295,keif-aldiafa-generic-stock-glass-of-red-drink-with-petals-and-straw.webp,decorative,double,public/images/cold-drinks/sobia.webp,440,آلي,yes
296,keif-aldiafa-generic-stock-halved-fig-and-whole-fig-on-table.webp,decorative,double,public/images/fruits/saudi-fresh-figs-luxury-hospitality-fruit.webp,433,آلي,yes
297,keif-aldiafa-generic-stock-iced-coffee-glass-on-marble-table.webp,decorative,double,public/images/cold-drinks/iced-latte.webp,436,آلي,yes
298,keif-aldiafa-generic-stock-kunafa-melted-cheese-on-fork.webp,decorative,double,public/images/sweets/kunafa.webp,396,آلي,yes
299,keif-aldiafa-generic-stock-loaded-nachos-with-cheese-guacamole-sour-cream.webp,decorative,double,public/images/snacks/saudi-loaded-nachos-cheese-jalapeno-vip-snacks.webp,1163,آلي,yes
300,keif-aldiafa-generic-stock-mini-flatbreads-with-various-toppings-on-board.webp,decorative,double,public/images/pastry/appetizers.webp,737,آلي,yes
301,keif-aldiafa-generic-stock-mini-margherita-pizzas-on-slate.webp,decorative,double,public/images/snacks/saudi-mini-margherita-pizza-luxury-catering-finger-food.webp,796,آلي,yes
302,keif-aldiafa-generic-stock-mint-lime-mojito-bottle-poolside.webp,decorative,single_ok,public/images/cold-drinks/mojito.webp,307,آلي,yes
303,keif-aldiafa-generic-stock-mozzarella-sticks-on-slate-with-marinara.webp,decorative,double,public/images/snacks/saudi-crispy-mozzarella-cheese-sticks-marinara-snacks.webp,819,آلي,yes
304,keif-aldiafa-generic-stock-plate-of-spring-rolls-with-chili-sauce.webp,decorative,double,public/images/snacks/saudi-crispy-spring-rolls-sweet-chili-luxury-snacks.webp,630,آلي,yes
305,keif-aldiafa-generic-stock-pomegranate-half-on-white.webp,decorative,double,public/images/fruits/saudi-fresh-pomegranate-premium-catering-fruit.webp,876,آلي,yes
306,keif-aldiafa-generic-stock-potato-wedges-slate-dip.webp,decorative,double,public/images/snacks/saudi-crispy-golden-potato-wedges-rosemary-catering.webp,960,آلي,yes
307,keif-aldiafa-generic-stock-red-iced-drink-with-mint-garnish.webp,decorative,double,public/images/cold-drinks/karkade.webp,849,آلي,yes
308,keif-aldiafa-generic-stock-ripe-mango-cubes-on-gray-surface.webp,decorative,double,public/images/fruits/saudi-fresh-mango-cubes-luxury-hospitality-fruit.webp,—,يدوي,yes
309,keif-aldiafa-generic-stock-sandwich-cheese-lettuce-tomato-on-white-plate.webp,decorative,double,public/images/sandwiches/saudi-catering-turkey-sandwich-soft-roll-tomato.webp,—,يدوي,yes
310,keif-aldiafa-generic-stock-sandwich-on-white-plate-on-stainless-counter.webp,decorative,double,public/images/sandwiches/saudi-catering-smoked-turkey-cheese-tomato-sandwich.webp,—,يدوي,yes
311,keif-aldiafa-generic-stock-seeded-bun-sandwich-with-lettuce.webp,decorative,double,public/images/sandwiches/saudi-catering-chicken-cheese-sandwich-long-roll.webp,317,آلي,yes
312,keif-aldiafa-generic-stock-sesame-bun-chicken-salad-sandwich-on-white-plate.webp,decorative,double,public/images/sandwiches/saudi-catering-tuna-sandwich-sesame-bun.webp,31,آلي,yes
313,keif-aldiafa-generic-stock-sesame-coated-balls-with-cream-filling.webp,decorative,single_ok,public/images/dates/khalas-sesame-tahini.webp,1035,آلي,yes
314,keif-aldiafa-generic-strawberries-closeup-stock.webp,decorative,double,public/images/fruits/saudi-fresh-strawberries-luxury-hospitality-fruit.webp,871,آلي,yes
