id,file,source_keif_v2,src_w,src_h,out_w,out_h,crop,stamp,corner,corner_pct_of_width,webp_q,psnr_db,kb
1,keif-aldiafa-event-aljar-marina-madinah-chamber-reception-qahwaji-dates.webp,events/exhibition-saudi-event-nayifat-financing-ceremonial-coffee.webp,720,1280,720,1280,,corner,bl,10.8,79,42.5,62
2,keif-aldiafa-event-hajj-conference-exhibition-vision-2030-qahwaji-jeddah.webp,events/ksa-event-exhibition-hospitality-staff-hajj-conference.webp,960,1280,960,1280,,corner,br,9.4,94,41.8,193
3,keif-aldiafa-event-ibn-sina-national-college-medical-qahwaji-hostess-expo.webp,events/indoor-event-traditional-attire-ceremonial-coffee-female-guest.webp,810,1280,810,1280,,corner,tr,10.2,77,42.0,49
4,keif-aldiafa-event-jeddah-municipality-national-day-94-qahwaji-arabic-coffee.webp,services/male/hosts/dagla/dagla-4.webp,720,1280,720,1280,,corner,br,10.8,79,42.1,68
5,keif-aldiafa-event-king-salman-chair-history-heritage-tent-four-qahwajiin.webp,events/official-ceremony-saudi-hosts-traditional-attire-vip-reception.webp,1600,900,1600,900,,corner,tr,6.1,79,42.4,128
6,keif-aldiafa-event-madinah-municipality-jeddah-chamber-exhibition-vip-reception.webp,events/government-event-official-ceremony-madinah-municipality-arabic-coffee.webp,720,1280,720,1280,,corner,bl,10.8,89,42.4,157
7,keif-aldiafa-event-makkah-halal-forum-qahwaji-lounge-coffee-dates.webp,events/saudi-event-vip-reception-makkah-halal-forum-coffee-lounge.webp,1280,960,1280,960,,corner,tr,7.0,80,42.2,80
8,keif-aldiafa-event-ministry-of-hajj-umrah-hafawah-qahwaji-coffee-dates.webp,events/saudi-event-hifawa-vip-traditional-attire-qahwa-service.webp,960,1280,960,1280,,corner,br,9.4,79,42.4,74
9,keif-aldiafa-event-ministry-of-media-qahwaji-golden-dallah-booth.webp,events/government-event-ministry-of-media-official-ceremony.webp,960,1280,960,1280,,corner,br,9.4,78,42.4,59
10,keif-aldiafa-event-ministry-of-transport-tga-mawani-qahwaji-arabic-coffee-exhibition.webp,events/government-event-hospitality-staff-ceremonial-coffee-ministry-transport.webp,720,1280,720,1280,,corner,bl,10.8,90,42.1,135
11,keif-aldiafa-event-official-vip-reception-hall-saudi-emblem-qahwajiin-incense.webp,weddings/vip-wedding-traditional-uniform-dallah-wedding-hall.webp,720,1280,720,1280,,corner,br,10.8,91,42.1,171
12,keif-aldiafa-event-saudi-electricity-company-anti-corruption-day-qahwajiin-coffee-stand.webp,events/government-event-official-ceremony-saudi-electricity-luxury-catering.webp,720,1280,720,1280,,corner,tl,10.8,80,42.5,91
13,keif-aldiafa-event-saudi-national-day-92-carved-watermelon-banquet-hall.webp,fruits/saudi-carved-watermelon-vip-event-fruit-display.webp,1200,900,1200,900,,corner,tl,7.1,91,42.1,173
14,keif-aldiafa-event-saudia-awqaf-exhibition-qahwaji-floral-reception.webp,events/ksa-event-arabic-coffee-ceremony-masked-host-exhibition.webp,720,1280,720,1280,,corner,br,10.8,94,42.0,225
15,keif-aldiafa-event-saudia-group-cybersecurity-awareness-qahwaji-arabic-coffee.webp,events/corporate-event-indoor-cybersecurity-awareness-ceremonial-coffee.webp,960,1280,960,1280,,corner,bl,9.4,90,42.7,180
16,keif-aldiafa-event-turkish-pilgrims-affairs-office-alrifadah-qahwaji-exhibition.webp,events/ksa-event-official-ceremony-turkish-pilgrims-office-luxury.webp,960,1280,960,1280,,corner,br,9.4,84,42.0,96
17,keif-aldiafa-event-umm-al-qura-university-investment-booth-qahwaji-1.webp,events/corporate-event-qahwa-service-luxury-catering-basma-emaar.webp,720,1280,720,1280,,corner,br,10.8,89,42.0,124
18,keif-aldiafa-event-umm-al-qura-university-investment-booth-qahwaji-2.webp,events/corporate-event-formal-reception-umm-al-qura-university-saudi-hosts.webp,720,1280,720,1280,,corner,br,10.8,90,42.6,125
19,keif-aldiafa-event-75-years-heritage-company-qahwaji-dates-palm-display-1.webp,services/artistic/mobile-table/table-6.webp,720,1280,675,1200,,corner,br,10.8,86,37.2,237
20,keif-aldiafa-event-75-years-heritage-company-qahwaji-dates-palm-display-2.webp,events/majlis-traditional-attire-dates-tower-ceremonial-coffee-display.webp,720,1280,720,1280,,corner,br,10.8,90,40.7,213
21,keif-aldiafa-event-adidas-hackett-london-store-mirror-photo-booth.webp,services/artistic/photo-booth/photo-booth-1.webp,900,1600,900,1600,,corner,bl,10.9,88,42.1,214
22,keif-aldiafa-event-ajdal-jeddah-alinma-investment-qahwaji-exhibition.webp,events/outdoor-event-nahda-park-arabic-coffee-formal-reception.webp,960,1280,960,1280,,corner,bl,9.4,79,42.6,90
23,keif-aldiafa-event-al-amjaad-trading-manufacturing-vip-welcome-qahwajiin.webp,events/formal-reception-saudi-hosts-al-amjaad-office-traditional.webp,720,1280,720,1280,,corner,bl,10.8,80,42.4,76
24,keif-aldiafa-event-al-borg-diagnostics-labs-qahwaji-dates-coffee-1.webp,services/artistic/mobile-table/table-2.webp,960,1280,960,1280,,corner,tl,9.4,89,42.0,203
25,keif-aldiafa-event-al-borg-diagnostics-labs-qahwaji-dates-coffee-2.webp,services/artistic/mobile-table/table-4.webp,960,1280,960,1280,,corner,tl,9.4,90,42.8,231
26,keif-aldiafa-event-al-borg-diagnostics-labs-qahwaji-dates-coffee-3.webp,services/artistic/mobile-table/table-5.webp,960,1280,960,1280,,corner,tr,9.4,90,43.0,208
27,keif-aldiafa-event-al-miftah-showroom-qahwaji-dallah.webp,events/ksa-event-exhibition-luxury-catering-food-booth-dates-tray.webp,960,1280,960,1280,,corner,tl,9.4,78,42.5,40
28,keif-aldiafa-event-al-rayyan-al-makkiya-hotels-sadaa-qahwaji-exhibition.webp,events/vip-reception-luxury-catering-millennium-hotels-golden-dallah.webp,960,1280,960,1280,,corner,tr,9.4,89,42.5,140
29,keif-aldiafa-event-al-safeer-watania-qahwaji-hostess-exhibition.webp,events/saudi-event-corporate-al-safir-masked-hospitality.webp,1280,963,1280,963,,corner,br,7.1,87,42.2,109
30,keif-aldiafa-event-al-wessam-transport-exhibition-booth-qahwaji.webp,events/vip-reception-corporate-event-aljar-marina-qahwa-service.webp,720,1280,720,1280,,corner,bl,10.8,90,42.2,171
31,keif-aldiafa-event-alinma-kayan-qahwaji-dallah-exhibition.webp,events/saudi-event-conference-catering-bci-counter-ceremonial-coffee.webp,960,1280,960,1280,,corner,br,9.4,88,42.4,155
32,keif-aldiafa-event-almana-medical-group-qahwaji-booth-wide-3.webp,events/saudi-event-vip-reception-arabic-coffee-masked-host-exhibition.webp,1024,1280,1024,1280,,corner,br,9.1,76,42.4,51
33,keif-aldiafa-event-almana-medical-group-qahwaji-exhibition-1.webp,events/corporate-event-almana-medical-group-arabic-coffee-ceremony.webp,960,1280,960,1280,,corner,tl,9.4,78,42.1,48
34,keif-aldiafa-event-almana-medical-group-qahwaji-pouring-coffee-2.webp,events/saudi-event-vip-reception-arabic-coffee-masked-host-exhibition.webp,1024,1280,1024,1280,,corner,br,9.1,76,42.4,51
35,keif-aldiafa-event-alrifadah-pilgrims-services-qahwaji-exhibition.webp,events/exhibition-alrifadah-pilgrims-services-arabic-coffee-ceremony.webp,960,1280,960,1280,,corner,bl,9.4,79,43.0,66
36,keif-aldiafa-event-alwagehat-algharbiya-contracting-qahwaji-dates.webp,events/saudi-event-qahwa-service-hospitality-staff-exhibition-booth.webp,720,1280,720,1280,,corner,tl,10.8,89,42.3,141
37,keif-aldiafa-event-amak-mining-company-qahwaji-exhibition.webp,events/exhibition-saudi-hosts-amak-minerals-arabic-coffee-ceremony.webp,960,1280,960,1280,,corner,tl,9.4,79,42.1,76
38,keif-aldiafa-event-amjad-alsalam-hotels-qahwaji-exhibition.webp,events/exhibition-hospitality-staff-almadina-hotel-resorts-saudi-event.webp,960,1280,960,1280,,corner,bl,9.4,89,42.2,154
39,keif-aldiafa-event-anjum-hotel-makkah-qahwaji-exhibition.webp,events/royal-protocol-vip-reception-makkah-hotel-towers-majlis.webp,960,1280,960,1280,,corner,tr,9.4,89,42.5,140
40,keif-aldiafa-event-basma-emaar-group-umrah-exhibition-qahwaji.webp,events/official-ceremony-hospitality-staff-umm-al-qura-exhibition.webp,720,1280,720,1280,,corner,bl,10.8,91,42.3,171
41,keif-aldiafa-event-bci-basic-chemical-industries-qahwaji-dates-exhibition.webp,events/riyadh-event-vip-reception-alinma-booth-ceremonial-coffee.webp,960,1280,960,1280,,corner,bl,9.4,79,42.3,67
42,keif-aldiafa-event-bolt-jeddah-chamber-exhibition-two-qahwajiin-coffee-dates.webp,events/saudi-event-vip-reception-bolt-exhibition-qahwa-service.webp,720,1280,720,1280,,corner,tr,10.8,90,42.1,152
43,keif-aldiafa-event-bon-cafe-qahwaji-black-daglah-exhibition.webp,events/qahwa-service-bon-cafe-arabic-coffee-ceremony-corporate.webp,960,1280,960,1280,,corner,br,9.4,89,42.3,121
44,keif-aldiafa-event-brunello-cucinelli-de-beers-mall-qahwaji-red-shemagh.webp,events/luxury-catering-foot-locker-sneaker-host-ceremonial.webp,1280,720,1280,720,,corner,tr,6.1,81,42.2,74
45,keif-aldiafa-event-dallah-albaraka-namaa-qahwaji-exhibition-1.webp,events/corporate-event-hospitality-staff-formal-reception-saudi-hosts.webp,960,1280,960,1280,,corner,bl,9.4,80,42.4,110
46,keif-aldiafa-event-dallah-albaraka-qahwaji-exhibition-2.webp,events/ksa-event-exhibition-dallah-albarka-dates-tray-ceremonial.webp,960,1280,960,1280,,corner,br,9.4,78,42.7,60
47,keif-aldiafa-event-dallah-albaraka-qahwaji-exhibition-3.webp,events/conference-catering-saudi-hosts-vip-reception-dallah-albaraka.webp,960,1280,960,1280,,corner,bl,9.4,78,42.2,56
48,keif-aldiafa-event-dallah-albaraka-qahwaji-pouring-coffee-4.webp,events/corporate-event-vip-reception-dallah-albaraka-ceremonial-coffee.webp,719,1280,719,1280,,corner,bl,10.8,80,42.6,83
49,keif-aldiafa-event-dallah-haj-transport-booth-qahwaji.webp,events/corporate-event-dallah-hajj-transport-ceremonial-coffee.webp,731,1280,731,1280,,corner,tl,10.8,84,42.0,72
50,keif-aldiafa-event-dallah-taibah-hotel-madinah-qahwaji-exhibition.webp,events/hotel-event-dallah-taibah-luxury-catering-qahwa-service.webp,960,1280,960,1280,,corner,tl,9.4,89,42.4,169
51,keif-aldiafa-event-dareen-travel-agency-qahwaji-exhibition.webp,events/saudi-event-conference-catering-dareen-travel-agency-indoor.webp,960,1280,960,1280,,corner,tr,9.4,87,42.2,102
52,keif-aldiafa-event-dawood-trading-company-lobby-qahwaji-golden-dallah.webp,events/corporate-event-saudi-host-qahwa-office-reception-traditional.webp,720,1280,720,1280,,corner,tl,10.8,80,42.9,98
53,keif-aldiafa-event-dragon-city-jeddah-grand-opening-qahwajiin-stage-1.webp,events/indoor-event-new-balance-foot-locker-coffee-booth.webp,960,1280,960,1280,,corner,br,9.4,90,42.0,142
54,keif-aldiafa-event-dragon-city-jeddah-grand-opening-two-qahwajiin-red-carpet-2.webp,events/exhibition-vip-reception-foot-locker-coffee-kiosk.webp,960,1280,960,1280,,corner,br,9.4,91,42.1,142
55,keif-aldiafa-event-flyadeal-airline-booth-qahwaji-arabic-coffee.webp,events/ksa-event-vip-reception-arabic-coffee-flyadeal-corporate.webp,720,1280,720,1280,,corner,tr,10.8,79,42.2,49
56,keif-aldiafa-event-foot-locker-adidas-red-sea-mall-photo-mirror-customers.webp,services/artistic/photo-booth/photo-booth-3.webp,960,1280,960,1280,,corner,tr,9.4,90,42.1,177
57,keif-aldiafa-event-foot-locker-american-eagle-national-day-printed-tote-bags.webp,services/artistic/artist/artist-1.webp,960,1280,960,1280,,corner,tr,9.4,89,42.2,138
58,keif-aldiafa-event-foot-locker-new-balance-coffee-kiosk-qahwaji-1.webp,events/official-ceremony-grand-opening-saudi-hosts-red-backdrop.webp,960,1280,960,1280,,corner,tl,9.4,89,42.6,170
59,keif-aldiafa-event-foot-locker-new-balance-coffee-kiosk-qahwaji-2.webp,events/government-event-official-ceremony-saudi-hosts-grand-opening.webp,960,1280,960,1280,,corner,br,9.4,89,42.4,168
60,keif-aldiafa-event-foot-locker-store-arabic-calligraphy-station.webp,services/artistic/artist/artist-7.webp,960,1280,960,1280,,corner,br,9.4,88,42.1,190
61,keif-aldiafa-event-gaib-furniture-arabic-calligrapher-tote-bag.webp,services/artistic/artist/artist-5.webp,828,928,828,928,,corner,br,8.6,76,42.2,35
62,keif-aldiafa-event-gaib-furniture-calligrapher-writing-sarah-tote-2.webp,services/artistic/artist/artist-5.webp,828,928,828,928,,corner,br,8.6,76,42.2,35
63,keif-aldiafa-event-glory-of-luxury-dar-alfakhama-booth-qahwaji.webp,events/luxury-catering-saudi-hosts-glory-of-luxury-indoor-event.webp,720,1280,720,1280,,corner,br,10.8,87,42.1,105
64,keif-aldiafa-event-hafil-transport-exhibition-booth-qahwaji.webp,events/ksa-event-exhibition-hafil-pink-luxury-catering.webp,720,1280,720,1280,,corner,bl,10.8,93,42.0,140
65,keif-aldiafa-event-hilmuna-al-ghalya-wall-qahwaji-black-daglah.webp,services/male/hosts/dagla/dagla-4.webp,720,1280,720,1280,,corner,br,10.8,79,42.1,68
66,keif-aldiafa-event-iconica-boutique-opening-mall-qahwaji.webp,events/saudi-event-vip-reception-luxury-retail-traditional-attire.webp,1280,963,1280,963,,corner,bl,7.1,76,42.2,51
67,keif-aldiafa-event-ishraq-almadina-mias-sunrise-hotels-axiscare-qahwaji.webp,events/formal-reception-government-event-majad-booth-arabic-coffee.webp,960,1280,960,1280,,corner,tl,9.4,80,42.3,124
68,keif-aldiafa-event-jeddah-central-development-company-qahwaji-vip-guests.webp,events/saudi-event-vip-arabic-coffee-ceremony-camel-decor-indoor.webp,638,570,638,570,,corner,bl,7.8,90,42.1,47
69,keif-aldiafa-event-luxury-menswear-boutique-qahwaji-coffee-sweets.webp,events/vip-reception-luxury-catering-menswear-boutique-host.webp,960,1280,960,1280,,corner,tr,9.4,88,42.2,131
70,keif-aldiafa-event-makkah-hotel-towers-mcdc-qahwaji-exhibition-1.webp,events/ksa-event-luxury-catering-mcdc-conference-ceremonial-coffee.webp,960,1280,960,1280,,corner,tl,9.4,89,42.0,115
71,keif-aldiafa-event-makkah-hotel-towers-mcdc-qahwaji-pouring-coffee-2.webp,events/marble-hall-makkah-hotel-towers-saudi-hosts-dates-tray.webp,723,1280,723,1280,,corner,tr,10.8,87,42.1,63
72,keif-aldiafa-event-makkiyoon-golden-qahwaji-exhibition-makkah.webp,events/outdoor-event-tourism-booth-expo-saudi-host-coffee-set.webp,960,1280,960,1280,,corner,bl,9.4,90,42.2,177
73,keif-aldiafa-event-manasik-almashaer-ghufranak-qahwaji-hajj-expo-1.webp,events/saudi-hosts-ceremonial-coffee-expo-makkah-hotel-booth.webp,960,1280,960,1280,,corner,bl,9.4,89,42.2,118
74,keif-aldiafa-event-manasik-almashaer-ghufranak-qahwaji-hajj-expo-2.webp,events/saudi-event-formal-reception-makkah-themed-exhibition.webp,960,1280,960,1280,,corner,bl,9.4,88,42.1,106
75,keif-aldiafa-event-millennium-hotels-resorts-qahwaji-exhibition.webp,events/corporate-event-exhibition-makkiyoon-traditional-attire-qahwa.webp,960,1280,960,1280,,corner,bl,9.4,89,42.3,128
76,keif-aldiafa-event-nahda-park-view-113-real-estate-qahwaji-jeddah.webp,events/indoor-event-luxury-catering-ceremonial-coffee-exhibition-reception.webp,960,1280,960,1280,,corner,br,9.4,84,42.0,88
77,keif-aldiafa-event-najeeb-auto-jimny-ksa-club-qahwaji-dates.webp,events/expo-jimny-ksa-club-saudi-hosts-gift-presentation.webp,576,1280,576,1024,0.45→0.56,corner,tl,10.8,90,42.2,80
78,keif-aldiafa-event-najeeb-auto-suzuki-showroom-qahwaji-dates-palm-counter-3.webp,events/formal-reception-hospitality-staff-york-arabic-coffee-ceremony.webp,960,1280,960,1280,,corner,br,9.4,79,42.3,84
79,keif-aldiafa-event-nayifat-finance-qahwaji-exhibition.webp,events/indoor-event-saudi-hosts-bisht-qahwa-service-traditional.webp,963,1280,963,1280,,corner,br,9.4,90,42.3,176
80,keif-aldiafa-event-new-balance-kiehls-store-interactive-photo-mirror.webp,services/artistic/photo-booth/photo-booth-2.webp,900,1600,900,1600,,corner,bl,10.9,81,42.1,121
81,keif-aldiafa-event-omoda-c5-car-launch-mirror-photo-booth.webp,services/artistic/photo-booth/photo-booth-6.webp,960,1280,960,1280,,corner,tr,9.4,89,42.5,216
82,keif-aldiafa-event-osus-alinsha-contracting-qahwaji-exhibition.webp,events/jeddah-event-marble-hall-osus-alinsha-vip-reception.webp,960,1280,960,1280,,corner,br,9.4,88,42.3,131
83,keif-aldiafa-event-rawahel-almashaer-pilgrims-qahwaji-exhibition.webp,events/exhibition-hospitality-rawahil-al-mashaer-arabic-coffee-ceremony.webp,720,1280,720,1280,,corner,tl,10.8,80,42.6,81
84,keif-aldiafa-event-safwat-alshaaer-pilgrims-services-qahwaji-hajj-expo.webp,events/conference-catering-hospitality-staff-medical-college-exhibition.webp,720,1280,720,1280,,corner,br,10.8,90,42.0,144
85,keif-aldiafa-event-shs-saja-hospitality-solutions-exhibition-qahwaji.webp,events/saudi-event-luxury-catering-hospitality-staff-saja-exhibition.webp,720,1280,720,1280,,corner,br,10.8,92,42.3,160
86,keif-aldiafa-event-suzuki-najeeb-auto-showroom-qahwaji-balloon-arch-1.webp,events/saudi-event-vip-reception-suzuki-exhibition-arabic-coffee.webp,960,1280,960,1280,,corner,tl,9.4,80,42.3,76
87,keif-aldiafa-event-suzuki-najeeb-auto-showroom-qahwaji-red-thobe-dates-palm-2.webp,events/conference-catering-saudi-electricity-company-dates-tray-luxury.webp,720,1280,720,1280,,corner,br,10.8,80,42.3,88
88,keif-aldiafa-event-takween-alwatan-support-services-qahwaji-exhibition.webp,events/ksa-event-corporate-event-takween-al-watan-ceremonial-coffee.webp,720,1280,720,1280,,corner,tr,10.8,89,42.3,119
89,keif-aldiafa-event-tawkeel-umrah-qahwaji-dates-sweets-exhibition-1.webp,events/luxury-catering-arabic-coffee-ceremony-gala-dinner-indoor.webp,720,1280,720,1280,,corner,tl,10.8,89,42.3,151
90,keif-aldiafa-event-tawkeel-umrah-qahwaji-pouring-coffee-2.webp,events/ksa-event-qahwa-service-corporate-event-tawkeel.webp,720,1280,720,1280,,corner,bl,10.8,80,42.0,111
91,keif-aldiafa-event-the-private-aviation-company-booth-qahwaji-1.webp,events/jeddah-event-formal-reception-private-aviation-qahwa-service.webp,720,1280,720,1280,,corner,br,10.8,89,42.1,98
92,keif-aldiafa-event-the-private-aviation-company-booth-qahwaji-2.webp,events/saudi-event-vip-reception-aviation-booth-arabic-coffee-ceremony.webp,720,1280,720,1280,,corner,br,10.8,90,42.1,155
93,keif-aldiafa-event-york-hvac-company-lobby-qahwaji-dates-sweets-2.webp,events/corporate-event-vip-suzuki-showroom-arabic-coffee-ceremony.webp,591,1280,591,1050,0.46→0.56,corner,br,10.8,93,42.2,139
94,keif-aldiafa-event-york-hvac-showroom-qahwaji-dates-coffee.webp,events/indoor-event-exhibition-york-booth-qahwa-service.webp,960,1280,960,1280,,corner,tl,9.4,92,42.3,230
95,keif-aldiafa-event-mavera-hall-jeddah-incense-mabkhara-server-1.webp,services/male/hosts/hizam/hizam-1.webp,864,1184,864,1184,,corner,br,9.5,80,42.2,72
96,keif-aldiafa-event-mavera-hall-jeddah-incense-mabkhara-server-2.webp,weddings/saudi-wedding-vip-wedding-hall-host-dallah-flag.webp,960,1280,960,1280,,corner,br,9.4,89,42.3,125
97,keif-aldiafa-golden-backlit-outdoor-coffee-bar-night-dallahs-incense.webp,services/artistic/counter/counter-1.webp,1200,1600,900,1200,,corner,tr,9.4,82,36.6,215
98,keif-aldiafa-golden-hospitality-counter-saudi-emblem-server-drinks-station.webp,services/artistic/counter/counter-2.webp,4000,1756,1200,675,2.28→1.78,corner,br,6.1,94,40.1,203
99,keif-aldiafa-luxury-majlis-gold-columns-buffet-guests-panoramic.webp,hero/hero-desktop.webp,3168,1344,1920,815,,none (brand already in image),,,90,42.2,185
100,keif-aldiafa-mubashirin-lined-along-wedding-hall-aisle-golden-dallahs.webp,weddings/arab-wedding-men-section-wedding-decoration-qahwa-station.webp,960,1280,960,1280,,corner,bl,9.4,80,42.2,142
101,keif-aldiafa-qahwaji-black-daglah-behind-coffee-water-sweets-table.webp,services/artistic/mobile-table/table-3.webp,720,1280,720,1280,,corner,tr,10.8,80,43.4,79
102,keif-aldiafa-qahwaji-black-daglah-carrying-tray-dallah-cups-hotel-lobby.webp,services/male/hosts/dagla-janbiya/dagla-janbiya-1.webp,720,1280,720,1280,,corner,br,10.8,81,42.3,104
103,keif-aldiafa-qahwaji-lavender-themed-hospitality-corner-camel-cutout.webp,events/majlis-qahwa-service-saudi-event-camel-decor.webp,1284,2199,934,1600,,corner,tl,10.7,88,42.0,137
104,keif-aldiafa-qahwaji-red-shemagh-saudi-flag-national-pavilion.webp,events/ksa-event-qahwa-service-hospitality-staff-arabic-coffee-ceremony.webp,1200,1600,1200,1600,,corner,br,9.4,87,42.0,168
105,keif-aldiafa-qahwajiin-incense-and-dallah-majlis-hall-guests-seated.webp,events/saudi-event-vip-reception-luxury-catering-majlis-traditional-attire.webp,1280,960,1280,960,,corner,tl,7.0,81,42.2,139
106,keif-aldiafa-qahwajiin-incense-welcome-luxury-hotel-lobby-chandelier.webp,hero/hero-mobile.webp,1536,2784,900,1600,0.55→0.56,none (brand already in image),,,88,42.1,138
107,keif-aldiafa-server-black-suit-gold-tray-six-glasses-red-tea.webp,hot-drinks/red-tea.webp,1200,1039,1200,1039,,corner,tl,7.6,87,42.1,179
108,keif-aldiafa-server-gold-tray-four-turkish-coffee-cups-qr-card-roses.webp,hot-drinks/turkish-coffee.webp,1200,1600,1200,1600,,corner,tl,9.4,85,42.1,168
109,keif-aldiafa-server-gold-tray-green-tea-glasses-qr-card-white-roses.webp,hot-drinks/green-tea.webp,1200,1139,1200,1139,,corner,tr,7.9,91,42.0,217
110,keif-aldiafa-server-white-jacket-gold-tray-pineapple-ginger-juice.webp,hot-drinks/ginger-pineapple.webp,1200,1600,1200,1600,,corner,bl,9.4,86,42.5,173
111,keif-aldiafa-team-catering-staff-uniform-apron-badge.webp,services/male/safarjia/safarjia-6.webp,777,672,777,672,,corner,bl,7.6,77,42.0,33
112,keif-aldiafa-team-female-hospitality-staff-rose-wall-promo.webp,services/female-services/female-7.webp,768,1091,768,1091,,none (brand already in image),,,84,42.4,88
113,keif-aldiafa-team-female-server-serving-tray-of-tea.webp,services/female-services/female-3.webp,1014,1382,1014,1382,,corner,tl,9.6,84,42.0,94
114,keif-aldiafa-team-female-staff-lineup-floral-backdrop.webp,services/female-services/female-6.webp,768,1112,768,1112,,corner,bl,9.8,89,42.2,83
115,keif-aldiafa-team-five-hostesses-uniform-white-shirt-gloves-rose-wall.webp,services/female/hostesses/hostess-1.webp,1024,1024,1024,1024,,corner,br,8.1,91,42.1,209
116,keif-aldiafa-team-five-qahwajiin-black-daglah-golden-dallah-wedding-hall.webp,weddings/luxury-wedding-hall-male-hosts-dallah-gift-tray.webp,720,1280,720,1280,,corner,br,10.8,90,40.9,199
117,keif-aldiafa-team-four-male-staff-traditional-dress-standing-indoor.webp,weddings/saudi-wedding-traditional-uniform-male-hosts-white-thobe.webp,960,1280,960,1280,,corner,tr,9.4,80,42.3,82
118,keif-aldiafa-team-four-masked-servers-group-photo.webp,services/safarjia/safarji-3.webp,720,1041,720,1041,,corner,bl,9.7,83,42.1,46
119,keif-aldiafa-team-four-servers-in-white-tulle-dresses-holding-trays.webp,services/female-services/female-8.webp,768,1060,768,1060,,corner,tr,9.5,84,42.2,51
120,keif-aldiafa-team-fourteen-qahwajiin-black-daglah-lineup-wedding-hall-2.webp,weddings/riyadh-wedding-vip-wedding-hall-male-host.webp,1280,960,1280,960,,corner,tl,7.0,88,42.6,188
121,keif-aldiafa-team-fourteen-qahwajiin-black-daglah-lineup-wedding-hall-jeddah-1.webp,weddings/jeddah-wedding-men-section-traditional-uniform-luxury-wedding.webp,1280,960,1280,960,,corner,br,7.0,88,42.0,179
122,keif-aldiafa-team-golden-tray-karak-chai-tea.webp,hot-drinks/karak-tea.webp,807,639,807,639,,corner,tl,7.2,91,42.2,94
123,keif-aldiafa-team-hospitality-staff-three-uniforms-banner.webp,services/safarjia/safarjia-main-bg.webp,572,943,572,943,,none (brand already in image),,,83,42.0,37
124,keif-aldiafa-team-man-holding-golden-incense-burner-entrance.webp,weddings/qahwa-station-male-host-dallah-wedding-hall-ceremony.webp,960,1280,960,1280,,corner,tr,9.4,79,42.1,59
125,keif-aldiafa-team-man-in-traditional-attire-holding-dallah.webp,services/male/souqiya/souqiya-3.webp,720,1280,720,1280,,corner,br,10.8,80,42.2,55
126,keif-aldiafa-team-man-pouring-coffee-from-dallah.webp,services/male/hosts/dagla/dagla-1.webp,960,1280,960,1280,,corner,br,9.4,80,42.6,84
127,keif-aldiafa-team-man-served-incense-mabkhara.webp,weddings/saudi-wedding-qahwa-station-dallah-white-thobe.webp,960,1280,960,1280,,corner,bl,9.4,80,42.5,103
128,keif-aldiafa-team-man-serving-arabic-coffee-cup.webp,weddings/saudi-wedding-male-host-arabic-coffee-luxury-wedding.webp,1280,854,1280,854,,corner,tr,6.6,88,42.2,92
129,keif-aldiafa-team-men-in-traditional-garments-indoor-hall.webp,weddings/arab-wedding-hall-men-section-male-hosts-marble.webp,271,300,271,300,,corner,br,12.5,94,41.7,19
130,keif-aldiafa-team-men-serving-coffee-and-sweets-at-table.webp,events/formal-reception-indoor-event-saudi-hosts-luxury-catering.webp,1280,720,1280,720,,corner,br,6.1,93,42.3,166
131,keif-aldiafa-team-nine-hostesses-rose-wall-womens-services-banner-hires.webp,services/female-services/female-7.webp,768,1091,768,1091,,none (brand already in image),,,84,42.4,88
132,keif-aldiafa-team-nine-qahwajiin-black-embroidered-daglah-banquet-hall-2.webp,weddings/jeddah-wedding-men-section-traditional-uniform-luxury-wedding.webp,1280,960,1280,960,,corner,br,7.0,88,42.0,178
133,keif-aldiafa-team-nine-qahwajiin-white-thobe-black-vest-luxury-hall.webp,weddings/luxury-wedding-men-section-traditional-uniform-wedding-hall.webp,1600,1200,1600,1200,,corner,br,7.1,84,42.2,163
134,keif-aldiafa-team-nine-qahwajiin-white-thobe-black-vest-ornate-hall-2.webp,weddings/luxury-wedding-men-section-traditional-uniform-wedding-hall.webp,1600,1200,1600,1200,,corner,br,7.1,84,42.2,163
135,keif-aldiafa-team-person-offering-tray-of-assorted-sweets-embroidered-garment.webp,distributions/jeddah-vip-dates-dessert-gahwa-gift-tray.webp,768,1024,768,1024,,corner,br,9.4,90,42.5,126
136,keif-aldiafa-team-person-serving-golden-dallah-coffee.webp,weddings/wedding-coffee-male-host-dallah-tray-white-thobe.webp,960,1280,960,1280,,corner,tl,9.4,80,42.5,72
137,keif-aldiafa-team-qahwaji-floral-counter-exhibition-hall-tv-screens.webp,events/ksa-event-arabic-coffee-ceremony-masked-host-exhibition.webp,720,1280,720,1280,,corner,br,10.8,94,42.0,224
138,keif-aldiafa-team-qahwaji-mobile-sadu-table-water-cups-hall.webp,services/artistic/mobile-table/table-3.webp,720,1280,720,1280,,corner,tr,10.8,80,43.4,79
139,keif-aldiafa-team-qahwajiin-black-bisht-lineup-luxury-hall-lowres.webp,weddings/arab-wedding-hall-men-section-male-hosts-marble.webp,271,300,271,300,,corner,br,12.5,94,41.7,19
140,keif-aldiafa-team-qahwajiin-black-daglah-serving-guests-hotel-corridor.webp,weddings/saudi-wedding-men-section-male-host-dallah-traditional.webp,1280,854,1280,854,,corner,br,6.6,79,42.2,50
141,keif-aldiafa-team-server-holding-dallah-and-dates.webp,weddings/saudi-wedding-male-host-dallah-dates-qahwa-station.webp,960,1280,960,1280,,corner,tl,9.4,86,42.0,94
142,keif-aldiafa-team-server-pouring-dallah-at-exhibition-booth.webp,events/gala-dinner-vip-reception-royal-protocol-marble-luxury.webp,960,1280,960,1280,,corner,tl,9.4,88,42.1,145
143,keif-aldiafa-team-server-presenting-gold-tray-to-seated-men.webp,weddings/arab-wedding-male-host-qahwa-station-vip-wedding.webp,960,1280,960,1280,,corner,tl,9.4,88,42.1,148
144,keif-aldiafa-team-server-serving-tray-in-indoor-gathering.webp,weddings/saudi-wedding-male-host-coffee-vip-wedding-hall.webp,960,1280,960,1280,,corner,tr,9.4,89,42.4,147
145,keif-aldiafa-team-servers-holding-dallah-in-banquet-hall.webp,weddings/saudi-wedding-men-section-male-host-dallah-traditional.webp,1280,854,1280,854,,corner,br,6.6,79,42.2,50
146,keif-aldiafa-team-ten-qahwajiin-black-embroidered-daglah-banquet-hall.webp,weddings/riyadh-wedding-vip-wedding-hall-male-host.webp,1280,960,1280,960,,corner,tl,7.0,88,42.6,188
147,keif-aldiafa-team-three-hospitality-staff-standing-banqueting-room.webp,services/male/safarjia/safarjia-2.webp,1280,637,1132,637,2.01→1.78,corner,bl,6.1,88,42.4,71
148,keif-aldiafa-team-three-masked-servers-with-gold-sign.webp,services/safarjia/safarji-2.webp,572,795,572,795,,corner,bl,9.6,91,42.2,59
149,keif-aldiafa-team-three-staff-in-black-uniforms-with-gold-sign.webp,services/male/safarjia/safarjia-3.webp,958,939,958,939,,corner,bl,8.0,85,42.3,65
150,keif-aldiafa-team-three-staff-in-white-shirts-and-beige-aprons.webp,services/male/safarjia/safarjia-5.webp,958,788,958,788,,corner,tr,7.4,87,42.1,113
151,keif-aldiafa-team-three-waitstaff-in-banquet-hall.webp,services/safarjia/safarji-4.webp,720,987,720,987,,corner,tr,9.6,88,42.2,84
152,keif-aldiafa-team-three-waitstaff-in-black-aprons.webp,services/safarjia/safarji-1.webp,571,800,571,800,,corner,tr,9.6,82,42.1,30
153,keif-aldiafa-team-three-waitstaff-standing-in-banquet-hall.webp,services/male/safarjia/safarjia-4.webp,548,592,548,592,,corner,br,9.1,86,42.0,29
154,keif-aldiafa-team-three-women-white-dresses-in-mirror.webp,services/female/hostesses/hostess-2.webp,816,1296,816,1296,,corner,bl,10.3,70,42.0,35
155,keif-aldiafa-team-two-servers-holding-brass-pots-indoor.webp,services/male/hosts/makkawi/makkawi-1.webp,1280,720,1280,720,,corner,br,6.1,89,42.7,117
156,keif-aldiafa-team-two-servers-holding-dallah-coffee-pots.webp,services/male/hosts/makkawi/makkawi-2.webp,1280,720,1280,720,,corner,br,6.1,89,42.3,127
157,keif-aldiafa-team-two-servers-serving-desserts-and-arabic-coffee.webp,services/female-services/female-2.webp,1014,1382,1014,1382,,corner,br,9.6,83,42.3,97
158,keif-aldiafa-team-two-staff-masked-lobby.webp,services/female-services/female-1.webp,1014,1382,1014,1382,,corner,bl,9.6,77,42.1,54
159,keif-aldiafa-team-two-women-red-uniforms-lobby.webp,services/female-services/female-4.webp,896,1200,896,1200,,corner,tr,9.5,88,42.0,96
160,keif-aldiafa-team-uniformed-staff-portrait.webp,services/female-services/female-5.webp,1014,1382,1014,1382,,corner,br,9.6,68,42.3,41
161,keif-aldiafa-team-woman-niqab-holding-green-cutout.webp,services/artistic/artist/artist-3.webp,828,758,828,758,,corner,br,7.7,71,42.1,19
162,keif-aldiafa-three-qahwajiin-black-daglah-wedding-reception-cb-monogram-balloons.webp,weddings/luxury-wedding-decoration-male-hosts-traditional-uniform.webp,720,1280,720,1280,,corner,bl,10.8,90,42.3,176
163,keif-aldiafa-two-hostesses-uniform-serving-arabic-coffee-and-pastries-majlis.webp,services/female-services/female-main-bg.webp,896,1200,896,1200,,corner,tr,9.5,88,40.9,237
164,keif-aldiafa-two-qahwajiin-black-daglah-dates-tray-and-dallah-corridor.webp,services/male/hosts/dagla/dagla-2.webp,476,846,476,846,,corner,tr,10.9,80,42.8,50
165,keif-aldiafa-two-sababin-white-thobe-crossed-belt-tea-coffee-bar-wedding-hall.webp,services/male/hosts/hizam/hizam-2.webp,1280,720,1200,675,,corner,br,6.1,82,35.8,212
166,keif-aldiafa-equipment-brass-dallah-coffee-pots-and-cups-display.webp,services/male/souqiya/souqiya-7.webp,280,307,280,307,,corner,tl,12.1,94,41.8,21
167,keif-aldiafa-equipment-clear-glass-cup-and-saucer-product-display.webp,serving-equipment/glass-tea-cup.webp,1080,1080,1080,1080,,none (brand already in image),,,68,44.5,29
168,keif-aldiafa-equipment-clear-glass-cup-gold-stripes.webp,serving-equipment/coffee-glass.webp,1080,1080,1080,1080,,none (brand already in image),,,73,43.4,29
169,keif-aldiafa-equipment-clear-glass-cup-with-gold-stripes-and-logo.webp,equipment/saudi-luxury-ornate-tea-glass-golden-silver-hospitality.webp,1000,1000,1000,1000,,none (brand already in image),,,77,42.6,47
170,keif-aldiafa-equipment-clear-ribbed-glass-cup-and-saucer.webp,equipment/saudi-traditional-ribbed-glass-tea-cup-set.webp,1000,1000,1000,1000,,none (brand already in image),,,68,42.6,25
171,keif-aldiafa-equipment-clear-stem-glass-on-branded-white-background.webp,equipment/saudi-golden-striped-tea-cup-saucer-hospitality.webp,1080,1080,1080,1080,,none (brand already in image),,,72,42.2,28
172,keif-aldiafa-equipment-clear-stemmed-wine-glass-on-branded-background.webp,serving-equipment/glass-cup.webp,1080,1080,1080,1080,,none (brand already in image),,,68,44.5,25
173,keif-aldiafa-equipment-clear-stemmed-wine-glass-with-brand-logo.webp,equipment/saudi-silver-dallah-serveware-luxury-hospitality.webp,1000,1000,1000,1000,,none (brand already in image),,,68,43.0,18
174,keif-aldiafa-equipment-decorative-glass-teacup-and-saucer.webp,equipment/arabic-coffee-gahwa-ornate-glass-cup-set-equipment.webp,1000,1000,1000,1000,,none (brand already in image),,,76,42.4,55
175,keif-aldiafa-equipment-decorative-gold-pattern-glass-cups-saucer.webp,equipment/traditional-saudi-clear-glass-qahwa-cup.webp,1080,1080,1080,1080,,none (brand already in image),,,76,42.1,54
176,keif-aldiafa-equipment-glass-cup-gold-stripes-saucer-logo.webp,equipment/royal-golden-dallah-coffee-pot-saudi-hospitality.webp,1000,1000,1000,1000,,none (brand already in image),,,69,42.1,24
177,keif-aldiafa-equipment-glass-cup-with-gold-vertical-stripes-on-saucer.webp,serving-equipment/coffee-finjan.webp,1080,1080,1080,1080,,none (brand already in image),,,68,43.3,33
178,keif-aldiafa-equipment-glass-mug-gold-rim-palm-and-crossed-swords.webp,equipment/saudi-arabic-coffee-emblem-handled-mug-golden-hospitality.webp,1080,1080,1080,1080,,none (brand already in image),,,70,42.2,30
179,keif-aldiafa-equipment-glass-mug-with-gold-stripes-on-saucer.webp,equipment/luxury-faceted-tea-cup-transparent-hospitality.webp,1080,1080,1080,1080,,none (brand already in image),,,76,42.3,41
180,keif-aldiafa-equipment-glass-mug-with-palm-and-crossed-swords-emblem.webp,serving-equipment/tea-cup.webp,1080,1080,1080,1080,,none (brand already in image),,,68,44.7,27
181,keif-aldiafa-equipment-glass-tea-sets-with-gold-display-stands.webp,equipment/ksa-luxury-qahwa-golden-glass-cup-stand-majlis.webp,960,1280,960,1280,,corner,bl,9.4,88,42.1,125
182,keif-aldiafa-equipment-glass-teacup-jug-saucer-display.webp,equipment/luxury-clear-ribbed-glass-cup-saucer-hospitality.webp,1080,1080,1080,1080,,none (brand already in image),,,73,42.2,34
183,keif-aldiafa-equipment-glass-tumbler-gold-stripes-branded-background.webp,equipment/saudi-clear-cup-saucer-golden-stripes-hospitality.webp,1080,1080,1080,1080,,none (brand already in image),,,74,42.0,33
184,keif-aldiafa-equipment-gold-and-glass-multi-tier-stand.webp,equipment/jeddah-vip-majlis-golden-arabic-coffee-stand.webp,960,1280,960,1280,,corner,tr,9.4,80,42.1,112
185,keif-aldiafa-equipment-gold-dallah-arabic-coffee-pot.webp,equipment/saudi-luxury-gold-rimmed-emblem-coffee-pot.webp,1080,1080,1080,1080,,none (brand already in image),,,73,42.1,35
186,keif-aldiafa-equipment-gold-dallah-blue-pattern-background-catalog.webp,equipment/saudi-luxury-gold-rimmed-emblem-coffee-pot.webp,1080,1080,1080,1080,,none (brand already in image),,,73,42.1,35
187,keif-aldiafa-equipment-gold-emblem-porcelain-coffee-cups.webp,equipment/saudi-gold-palm-gahwa-cups-set.webp,1080,1080,1080,1080,,none (brand already in image),,,76,42.4,41
188,keif-aldiafa-equipment-gold-glass-multi-tier-serving-stand.webp,equipment/ksa-golden-buffet-tray-glass-cups-hospitality.webp,960,1280,960,1280,,corner,tl,9.4,88,42.7,144
189,keif-aldiafa-equipment-gold-glass-tea-stand-table.webp,equipment/saudi-arabic-coffee-vip-golden-cup-stand-majlis.webp,960,1280,960,1280,,corner,bl,9.4,89,42.1,152
190,keif-aldiafa-equipment-gold-pitchers-tripod-stands-orchid-centerpiece.webp,services/male/souqiya/souqiya-4.webp,960,1280,960,1280,,corner,tl,9.4,88,40.9,208
191,keif-aldiafa-equipment-gold-rimmed-porcelain-cups-on-gold-tray.webp,equipment/saudi-ceremonial-golden-tray-white-cups-hospitality.webp,960,1280,960,1280,,corner,bl,9.4,77,42.1,41
192,keif-aldiafa-equipment-gold-tea-glass-tree-stand-white-table.webp,services/male/souqiya/souqiya-2.webp,1600,900,1600,900,,corner,br,6.1,79,42.1,114
193,keif-aldiafa-equipment-gold-tray-clear-glasses-palm-motif.webp,equipment/riyadh-luxury-arabic-coffee-glass-cup-dessert-table.webp,960,1280,960,1280,,corner,bl,9.4,86,42.0,98
194,keif-aldiafa-equipment-golden-brass-pitchers-set-collection.webp,services/male/souqiya/souqiya-7.webp,280,307,280,307,,corner,tl,12.1,94,41.8,21
195,keif-aldiafa-equipment-golden-dallah-and-cups-display.webp,services/male/souqiya/souqiya-5.webp,960,1280,960,1280,,corner,br,9.4,82,42.3,84
196,keif-aldiafa-equipment-golden-dallah-coffee-pot-on-glass-table.webp,equipment/vip-saudi-golden-dallah-dates-table.webp,678,678,678,678,,corner,tr,8.1,91,42.0,63
197,keif-aldiafa-equipment-golden-dallah-coffee-pot-product-shot.webp,serving-equipment/coffee-dallah.webp,1080,1080,1080,1080,,none (brand already in image),,,73,43.6,31
198,keif-aldiafa-equipment-golden-decorative-vessel-on-marble-table.webp,services/male/souqiya/souqiya-6.webp,960,1280,960,1280,,corner,tl,9.4,86,42.1,80
199,keif-aldiafa-equipment-metal-dallah-coffee-pot-product-display.webp,equipment/saudi-luxury-silver-dallah-arabic-coffee-equipment.webp,1080,1080,1080,1080,,none (brand already in image),,,72,42.3,35
200,keif-aldiafa-equipment-ornate-gold-accent-tea-glass-with-saucer.webp,serving-equipment/white-tea-cup.webp,1080,1080,1080,1080,,none (brand already in image),,,68,43.1,43
201,keif-aldiafa-equipment-ornate-gold-vessel-with-blue-beads.webp,services/sawas/sawas-style-2.webp,1014,1382,1014,1382,,corner,tr,9.6,89,42.1,129
202,keif-aldiafa-equipment-ornate-golden-decorative-vessel-display.webp,services/sawas/sawas-style-4.webp,1014,1382,1014,1382,,corner,tr,9.6,92,42.0,179
203,keif-aldiafa-equipment-ornate-golden-tiered-stand-blue-beads-dallah-cup-tray.webp,services/male/sawas/sawas-5.webp,1802,4000,675,1200,0.45→0.56,corner,tr,10.9,94,41.5,217
204,keif-aldiafa-equipment-ornate-golden-tiered-stand-coins-turquoise-beads-glass-cups.webp,services/male/sawas/sawas-3.webp,786,1600,786,1397,0.49→0.56,corner,tr,10.8,93,42.1,196
205,keif-aldiafa-equipment-silver-arabic-coffee-pot-dallah.webp,serving-equipment/golden-dallah.webp,1080,1080,1080,1080,,none (brand already in image),,,68,44.4,31
206,keif-aldiafa-equipment-silver-dallah-coffee-pot-with-k-logo.webp,equipment/luxury-clear-stemmed-goblet-glass-hospitality.webp,1000,1000,1000,1000,,none (brand already in image),,,68,42.9,25
207,keif-aldiafa-equipment-white-ceramic-cup-on-saucer-with-branded-frame.webp,serving-equipment/coffee-mug.webp,1080,1080,1080,1080,,none (brand already in image),,,68,44.8,23
208,keif-aldiafa-equipment-white-cup-and-saucer-with-brand-frame.webp,equipment/luxury-saudi-white-coffee-cup-saucer.webp,1080,1080,1080,1080,,none (brand already in image),,,68,42.1,25
209,keif-aldiafa-equipment-white-cup-and-saucer-with-k-logo.webp,equipment/saudi-luxury-hospitality-white-porcelain-cup-saucer.webp,1000,1000,1000,1000,,none (brand already in image),,,68,45.0,13
210,keif-aldiafa-equipment-white-emblem-cups-stacked-gold-tray.webp,equipment/saudi-ceremonial-golden-tray-white-cups-hospitality.webp,960,1280,960,1280,,corner,bl,9.4,77,42.1,41
211,keif-aldiafa-equipment-white-gold-porcelain-coffee-cups.webp,serving-equipment/coffee-cups.webp,1080,1080,1080,1080,,none (brand already in image),,,68,43.2,33
212,keif-aldiafa-equipment-white-porcelain-cup-saucer-k-logo-catalog.webp,equipment/saudi-luxury-hospitality-white-porcelain-cup-saucer.webp,1000,1000,1000,1000,,none (brand already in image),,,68,45.0,13
213,keif-aldiafa-offering-assorted-stuffed-dates-on-trays.webp,dates/stuffed-dates.webp,478,823,478,823,,corner,tl,10.7,93,42.1,109
214,keif-aldiafa-offering-baklava-silver-trays-fruit-platters-gold-stands-1.webp,sweets/saudi-traditional-baklava-kunafa-pistachio-fruit-platter.webp,1200,800,1200,800,,corner,bl,6.7,92,42.1,174
215,keif-aldiafa-offering-baklava-silver-trays-fruit-platters-gold-stands-2.webp,sweets/saudi-fruit-platter-baklava-pistachio-dessert.webp,1200,801,1200,801,,corner,bl,6.7,93,42.1,184
216,keif-aldiafa-offering-bedouin-tent-majlis-sadu-cushions-outdoor-turf-stage.webp,services/artistic/heritage-tent/tent-4.webp,1280,720,1280,720,,corner,br,6.1,91,42.4,206
217,keif-aldiafa-offering-brass-coffee-urn-and-cups-table-setup.webp,services/male/souqiya/souqiya-2.webp,1600,900,1600,900,,corner,br,6.1,79,42.1,114
218,keif-aldiafa-offering-buffet-dessert-display-glasses-cakes.webp,sweets/saudi-luxury-dessert-buffet-mini-cakes-shooters.webp,1200,540,960,540,2.22→1.78,corner,tr,6.1,94,42.3,173
219,keif-aldiafa-offering-caramel-pistachio-sweets-platter.webp,dates/stuffed-dates-3.webp,835,1000,835,1000,,corner,br,8.9,87,42.2,90
220,keif-aldiafa-offering-corporate-buffet-tiered-wooden-stands-mini-pastries-flowers.webp,services/artistic/buffet/buffet-2.webp,1200,1600,900,1200,,corner,tl,9.4,89,40.0,228
221,keif-aldiafa-offering-date-palm-food-display.webp,dates/palm-khalas-stuffed.webp,666,1000,666,1000,,corner,br,9.9,85,42.5,57
222,keif-aldiafa-offering-date-trunk-palm-food-display.webp,distributions/saudi-luxury-palm-date-sweets-distribution.webp,666,1000,666,1000,,corner,br,9.9,79,43.3,56
223,keif-aldiafa-offering-dates-sweets-woven-trays-golden-incense-burner-dallah.webp,equipment/royal-saudi-gold-qahwa-dates-service.webp,960,1280,960,1280,,corner,bl,9.4,90,40.4,213
224,keif-aldiafa-offering-decorative-palm-sweets-tray-arrangement.webp,dates/palm-sukari-stuffed.webp,1280,1280,1280,1280,,corner,br,8.1,83,42.8,108
225,keif-aldiafa-offering-dessert-appetizer-buffet-creme-caramel-petit-fours-fruit-skewers.webp,sweets/saudi-elegant-dessert-buffet-panna-cotta-shooters.webp,1200,675,1200,675,,corner,tl,6.1,90,42.0,170
226,keif-aldiafa-offering-dessert-buffet-parfait-glasses-cake-slices-oriental-sweets.webp,sweets/saudi-luxury-dessert-buffet-chocolate-mousse-basbousa.webp,1200,540,960,540,2.22→1.78,corner,tr,6.1,94,42.2,187
227,keif-aldiafa-offering-dessert-buffet-table-with-chalkboard.webp,sweets/saudi-luxury-dessert-station-fresh-fruit-mix.webp,1200,2793,900,1600,0.43→0.56,corner,br,10.9,88,40.7,221
228,keif-aldiafa-offering-dessert-buffet-table-with-cups-and-pastries.webp,sweets/saudi-luxury-dessert-station-fruit-mousse-cups.webp,1200,900,1200,900,,corner,br,7.1,85,42.4,117
229,keif-aldiafa-offering-dessert-buffet-table-with-varied-pastries.webp,sweets/saudi-elegant-dessert-station-mango-panna-cotta-red-velvet.webp,1165,960,1165,960,,corner,br,7.4,90,42.3,149
230,keif-aldiafa-offering-fatayer-manakish-sesame-croissants-platter.webp,pastry/arabic-pastry.webp,720,900,720,900,,corner,tl,9.2,94,42.0,170
231,keif-aldiafa-offering-glass-buffet-black-platters-canapes-croissants-top-view.webp,services/artistic/buffet/buffet-3.webp,899,1599,899,1599,,corner,tr,10.9,90,42.4,229
232,keif-aldiafa-offering-glass-tea-on-decorative-tray.webp,equipment/jeddah-luxury-ornate-tea-cup-saucer.webp,1080,837,1080,837,,corner,br,7.1,93,42.2,125
233,keif-aldiafa-offering-gold-accented-tea-glass-and-flower-on-ornate-tray.webp,equipment/saudi-vip-hospitality-golden-coffee-cup-stand-event.webp,960,1280,960,1280,,corner,tl,9.4,78,42.3,59
234,keif-aldiafa-offering-gold-platter-assorted-pistachio-baklava.webp,sweets/baklava.webp,720,720,720,720,,corner,br,8.2,94,42.1,129
235,keif-aldiafa-offering-gold-tiered-stands-mini-pizzas-savory-bites-banquet.webp,services/artistic/buffet/buffet-1.webp,1200,1600,900,1200,,corner,br,9.4,86,38.4,227
236,keif-aldiafa-offering-gold-white-wrapped-chocolates-platter.webp,sweets/patchi-chocolate.webp,600,600,600,600,,corner,br,8.3,71,42.3,17
237,keif-aldiafa-offering-golden-dallah-dates-finjan-glass-table-bokeh.webp,equipment/saudi-hospitality-glass-tea-set-equipment.webp,4160,2777,1600,1068,,corner,tl,6.7,89,42.0,124
238,keif-aldiafa-offering-golden-hospitality-counter-rooftop-night-string-lights.webp,services/artistic/counter/counter-1.webp,1200,1600,900,1200,,corner,tr,9.4,82,36.6,215
239,keif-aldiafa-offering-golden-tray-decorated-dates.webp,dates/khalas-stuffed.webp,1000,1000,1000,1000,,corner,br,8.2,85,42.3,68
240,keif-aldiafa-offering-mini-sadu-tent-station-dallahs-clay-jar-incense-indoor.webp,services/artistic/heritage-tent/tent-2.webp,1280,960,1280,960,,corner,br,7.0,89,42.0,217
241,keif-aldiafa-offering-ornate-gold-coffee-service-with-flowers.webp,services/male/souqiya/souqiya-8.webp,280,316,280,316,,corner,tl,12.1,94,40.5,41
242,keif-aldiafa-offering-oval-tray-dates-with-pistachios-and-coconut.webp,dates/stuffed-dates-5.webp,1092,1280,1092,1280,,corner,br,8.8,83,42.2,77
243,keif-aldiafa-offering-pyramid-of-dates-with-palm-leaves.webp,dates/palm-sukari.webp,1108,1448,1108,1448,,corner,br,9.3,68,42.6,89
244,keif-aldiafa-offering-sadu-glass-buffet-booth-guests-self-serve-qahwaji.webp,services/artistic/heritage-tent/tent-3.webp,1280,960,1280,960,,corner,bl,7.0,86,40.0,237
245,keif-aldiafa-offering-small-sandwich-on-white-plate.webp,sandwiches/saudi-catering-turkey-cheese-tomato-long-sandwich.webp,1200,1600,1200,1600,,corner,tr,9.4,72,42.1,43
246,keif-aldiafa-offering-square-arranged-clustered-box.webp,dates/stuffed-dates-2.webp,500,500,500,500,,corner,br,10.0,86,42.3,21
247,keif-aldiafa-offering-stuffed-dates-platter-pistachio-sesame-chocolate.webp,dates/sukari-stuffed.webp,900,778,900,778,,corner,bl,7.6,93,42.3,185
248,keif-aldiafa-offering-table-with-arabic-coffee-and-sweets.webp,distributions/riyadh-luxury-hospitality-gift-tray-qahwa-ceremony.webp,1280,720,1280,720,,corner,bl,6.1,93,42.4,161
249,keif-aldiafa-offering-three-glasses-dark-beverage.webp,cold-drinks/arak-sous.webp,1200,1600,1200,1600,,corner,tr,9.4,79,42.2,96
250,keif-aldiafa-offering-three-mini-cheeseburgers-on-slate.webp,snacks/saudi-mini-beef-sliders-cheese-luxury-catering.webp,1100,1100,1100,1100,,corner,tr,8.2,87,42.3,98
251,keif-aldiafa-offering-three-trays-dates-filled-with-nuts.webp,distributions/ksa-dates-arabic-sweets-gahwa-distribution.webp,478,823,478,823,,corner,tl,10.7,94,41.9,126
252,keif-aldiafa-offering-traditional-sweets-dates-nuts-buffet-villa-courtyard.webp,services/artistic/heritage-tent/tent-1.webp,960,1280,900,1200,,corner,bl,9.4,86,38.0,237
253,keif-aldiafa-offering-tray-fried-triangular-pastries.webp,pastry/samosa.webp,736,736,736,736,,corner,bl,8.2,91,42.2,71
254,keif-aldiafa-offering-tray-of-sahlab-drinks-with-golden-glasses.webp,hot-drinks/sahlab.webp,807,632,807,632,,corner,tl,7.2,90,42.1,87
255,keif-aldiafa-offering-tray-with-four-cappuccinos.webp,hot-drinks/cappuccino.webp,1200,1229,1200,1229,,corner,tr,8.2,87,42.8,149
256,keif-aldiafa-offering-tuna-salad-sesame-roll-on-white-plate.webp,sandwiches/saudi-catering-tuna-salad-sandwich-long-roll.webp,1200,1600,1200,1600,,corner,tr,9.4,76,42.2,53
257,keif-aldiafa-offering-white-birthday-cake-with-red-hearts.webp,sweets/pancake.webp,736,752,736,752,,corner,br,8.3,83,42.1,38
258,keif-aldiafa-service-erksous-carrier-red-carpet-outdoor-night-4.webp,services/male/sawas/sawas-2.webp,900,1600,675,1200,,corner,tr,10.9,86,37.5,222
259,keif-aldiafa-service-erksous-juice-carrier-fez-heritage-street.webp,services/male/sawas/sawas-4.webp,1026,1600,1026,1600,,corner,tl,10.2,88,42.4,197
260,keif-aldiafa-service-erksous-juice-carrier-levantine-costume-night-2.webp,services/male/sawas/sawas-1.webp,900,1600,675,1200,,corner,tl,10.9,82,35.2,219
261,keif-aldiafa-service-erksous-juice-carrier-pouring-cup-night-3.webp,services/sawas/sawas-main.webp,853,1280,853,1280,,corner,tr,10.0,90,40.9,194
262,keif-aldiafa-service-erksous-tamarind-juice-carrier-levantine-costume-night-1.webp,services/male/sawas/sawas-2.webp,900,1600,675,1200,,corner,tr,10.9,86,37.5,222
263,keif-aldiafa-service-folk-drummers-performance-red-carpet-night.webp,services/artistic/folkband/folkband-1.webp,1280,960,1200,900,,corner,tl,7.0,82,36.4,236
264,keif-aldiafa-service-hand-henna-artist-applying-design.webp,services/artistic/artist/artist-6.webp,828,817,828,817,,corner,br,8.1,88,42.2,77
265,keif-aldiafa-service-hand-lifting-decorative-arabic-coffee-cup.webp,services/artistic/artist/artist-2.webp,828,1073,828,1073,,corner,tr,9.3,81,42.0,45
266,keif-aldiafa-service-hands-drawing-on-cutout-shapes.webp,services/artistic/artist/artist-4.webp,828,748,828,748,,corner,tl,7.7,80,42.5,52
267,keif-aldiafa-service-henna-artist-station-outdoor-tent-night-1.webp,services/artistic/artist/artist-8.webp,960,1280,900,1200,,corner,tl,9.4,78,35.0,223
268,keif-aldiafa-service-henna-artist-station-outdoor-tent-night-2-closeup.webp,services/artistic/artist/artist-9.webp,960,1280,960,1280,,corner,tr,9.4,89,42.0,199
269,keif-aldiafa-service-heritage-tent-sadu-majlis-indoor-hall-1.webp,services/artistic/heritage-tent/tent-2.webp,1280,960,1280,960,,corner,br,7.0,89,42.0,217
270,keif-aldiafa-service-heritage-tent-sadu-majlis-outdoor-turf-2.webp,services/artistic/heritage-tent/tent-4.webp,1280,720,1280,720,,corner,br,6.1,91,42.4,206
271,keif-aldiafa-service-man-serving-traditional-cups-with-golden-stand.webp,services/sawas/sawas-style-1.webp,1014,1382,1014,1382,,corner,tl,9.6,89,42.1,172
272,keif-aldiafa-service-men-using-mirror-photo-booth.webp,services/artistic/photo-booth/photo-booth-4.webp,853,1280,853,1280,,corner,bl,10.0,90,42.3,134
273,keif-aldiafa-service-mirror-photo-booth-red-carpet-corporate-lobby.webp,services/artistic/photo-booth/photo-booth-5.webp,960,1280,960,1280,,corner,br,9.4,90,42.3,207
274,keif-aldiafa-service-saudi-ardah-folk-troupe-drums-flag-night-garden.webp,services/artistic/folkband/folkband-2.webp,900,1600,675,1200,,corner,tl,10.9,86,37.8,209
275,keif-aldiafa-service-street-beverage-vendor-dallah-traditional-fez.webp,services/sawas/sawas-style-3.webp,1014,1382,1014,1382,,corner,tl,9.6,84,42.0,107
276,keif-aldiafa-generic-fruit-parfait-honey-stock.webp,cold-drinks/fresh-juice.webp,1850,2560,1156,1600,,corner,br,9.6,85,42.1,83
277,keif-aldiafa-generic-grapes-closeup-stock.webp,fruits/saudi-red-green-grapes-premium-catering-fruit.webp,1200,1619,890,1200,,corner,br,9.4,90,39.7,206
278,keif-aldiafa-generic-kiwi-slices-closeup-stock.webp,fruits/saudi-fresh-sliced-kiwi-luxury-hospitality-fruit.webp,1200,799,1200,799,,corner,tr,6.7,89,40.7,226
279,keif-aldiafa-generic-mixed-berries-red-bowl-stock.webp,fruits/saudi-mixed-berries-bowl-premium-catering-fruit.webp,1200,1620,889,1200,,corner,tl,9.5,86,37.9,217
280,keif-aldiafa-generic-pineapple-chunks-bowl.webp,fruits/saudi-fresh-pineapple-slices-premium-catering-fruit.webp,1200,1179,1200,1179,,corner,bl,8.1,88,42.8,181
281,keif-aldiafa-generic-social-banner-safraji-waiters-service-design.webp,services/male/safarjia/safarjia-1.webp,1137,417,1137,417,,none (brand already in image),,,79,42.1,32
282,keif-aldiafa-generic-social-banner-zamzam-saqya-service-design.webp,services/male/souqiya/souqiya-1.webp,1290,551,1290,551,,none (brand already in image),,,80,42.6,51
283,keif-aldiafa-generic-stock-assorted-canapes-on-slate-board.webp,snacks/saudi-gourmet-finger-food-assortment-canapes-vip.webp,1100,1100,1100,1100,,corner,br,8.2,93,42.1,206
284,keif-aldiafa-generic-stock-assorted-pastries-plates.webp,pastry/assorted-pastry.webp,736,1103,736,1103,,corner,tl,9.9,94,41.5,173
285,keif-aldiafa-generic-stock-bowl-of-glossy-dates-on-white.webp,dates/dates-plain.webp,600,600,600,600,,corner,br,8.3,85,42.3,30
286,keif-aldiafa-generic-stock-bruschetta-slate-serving-with-olive-oil.webp,snacks/saudi-italian-bruschetta-tomato-basil-luxury-appetizer.webp,1100,1100,1100,1100,,corner,br,8.2,93,42.2,192
287,keif-aldiafa-generic-stock-cheese-sandwich-on-white-plate.webp,sandwiches/saudi-catering-grilled-chicken-sandwich-lettuce-cheese.webp,1200,1600,1200,1600,,corner,tr,9.4,68,42.6,34
288,keif-aldiafa-generic-stock-chocolate-filled-croissants-on-plate.webp,sweets/chocolate-croissant.webp,736,920,736,920,,corner,tr,9.1,94,41.7,139
289,keif-aldiafa-generic-stock-crispy-fried-bites-with-mustard-dip.webp,snacks/saudi-crispy-chicken-popcorn-bites-honey-mustard.webp,1100,1100,1100,1100,,corner,tr,8.2,90,42.1,151
290,keif-aldiafa-generic-stock-dark-beverage-with-mint-lemon-and-brown-pods.webp,cold-drinks/tamarind.webp,800,1035,800,1035,,corner,br,9.2,90,42.2,78
291,keif-aldiafa-generic-stock-dates-in-silver-dish.webp,dates/dates-assorted.webp,1000,1000,1000,1000,,corner,br,8.2,68,43.4,30
292,keif-aldiafa-generic-stock-fried-cheese-croquettes-with-dipping-sauce.webp,snacks/saudi-golden-potato-cheese-croquettes-luxury-catering.webp,1100,1100,1100,1100,,corner,tr,8.2,89,42.2,168
293,keif-aldiafa-generic-stock-fruit-parfait-trio-glasses.webp,cold-drinks/smoothie.webp,500,500,500,500,,corner,br,10.0,94,42.0,34
294,keif-aldiafa-generic-stock-fruit-topped-puff-pastries-on-stand.webp,pastry/fruit-pie.webp,575,653,575,653,,corner,bl,8.7,94,41.9,62
295,keif-aldiafa-generic-stock-glass-of-red-drink-with-petals-and-straw.webp,cold-drinks/sobia.webp,828,683,828,683,,corner,tr,7.4,88,42.0,50
296,keif-aldiafa-generic-stock-halved-fig-and-whole-fig-on-table.webp,fruits/saudi-fresh-figs-luxury-hospitality-fruit.webp,970,646,970,646,,corner,tr,6.6,84,42.0,55
297,keif-aldiafa-generic-stock-iced-coffee-glass-on-marble-table.webp,cold-drinks/iced-latte.webp,500,750,500,750,,corner,tr,10.0,90,42.0,42
298,keif-aldiafa-generic-stock-kunafa-melted-cheese-on-fork.webp,sweets/kunafa.webp,735,1099,735,1099,,corner,bl,9.9,86,42.2,63
299,keif-aldiafa-generic-stock-loaded-nachos-with-cheese-guacamole-sour-cream.webp,snacks/saudi-loaded-nachos-cheese-jalapeno-vip-snacks.webp,1100,1100,1100,1100,,corner,tr,8.2,92,42.1,184
300,keif-aldiafa-generic-stock-mini-flatbreads-with-various-toppings-on-board.webp,pastry/appetizers.webp,720,720,720,720,,corner,br,8.2,92,42.1,79
301,keif-aldiafa-generic-stock-mini-margherita-pizzas-on-slate.webp,snacks/saudi-mini-margherita-pizza-luxury-catering-finger-food.webp,1100,1100,1100,1100,,corner,br,8.2,92,42.2,169
302,keif-aldiafa-generic-stock-mint-lime-mojito-bottle-poolside.webp,cold-drinks/mojito.webp,340,509,340,509,,corner,tr,11.5,94,40.2,37
303,keif-aldiafa-generic-stock-mozzarella-sticks-on-slate-with-marinara.webp,snacks/saudi-crispy-mozzarella-cheese-sticks-marinara-snacks.webp,1100,1100,1100,1100,,corner,tl,8.2,87,42.2,122
304,keif-aldiafa-generic-stock-plate-of-spring-rolls-with-chili-sauce.webp,snacks/saudi-crispy-spring-rolls-sweet-chili-luxury-snacks.webp,1100,1100,1100,1100,,corner,br,8.2,87,42.2,106
305,keif-aldiafa-generic-stock-pomegranate-half-on-white.webp,fruits/saudi-fresh-pomegranate-premium-catering-fruit.webp,969,1024,969,1024,,corner,br,8.4,86,42.7,113
306,keif-aldiafa-generic-stock-potato-wedges-slate-dip.webp,snacks/saudi-crispy-golden-potato-wedges-rosemary-catering.webp,1100,1100,1100,1100,,corner,br,8.2,87,42.2,122
307,keif-aldiafa-generic-stock-red-iced-drink-with-mint-garnish.webp,cold-drinks/karkade.webp,1024,768,1024,768,,corner,tl,7.0,89,42.0,69
308,keif-aldiafa-generic-stock-ripe-mango-cubes-on-gray-surface.webp,fruits/saudi-fresh-mango-cubes-luxury-hospitality-fruit.webp,1200,799,1200,799,,corner,tl,6.7,84,42.2,43
309,keif-aldiafa-generic-stock-sandwich-cheese-lettuce-tomato-on-white-plate.webp,sandwiches/saudi-catering-turkey-sandwich-soft-roll-tomato.webp,1200,1600,1200,1600,,corner,br,9.4,68,43.2,30
310,keif-aldiafa-generic-stock-sandwich-on-white-plate-on-stainless-counter.webp,sandwiches/saudi-catering-smoked-turkey-cheese-tomato-sandwich.webp,1200,1600,1200,1600,,corner,br,9.4,68,42.5,38
311,keif-aldiafa-generic-stock-seeded-bun-sandwich-with-lettuce.webp,sandwiches/saudi-catering-chicken-cheese-sandwich-long-roll.webp,1200,1600,1200,1600,,corner,br,9.4,74,42.1,47
312,keif-aldiafa-generic-stock-sesame-bun-chicken-salad-sandwich-on-white-plate.webp,sandwiches/saudi-catering-tuna-sandwich-sesame-bun.webp,1200,1600,1200,1600,,corner,tr,9.4,68,42.0,40
313,keif-aldiafa-generic-stock-sesame-coated-balls-with-cream-filling.webp,dates/khalas-sesame-tahini.webp,988,1000,988,1000,,corner,tr,8.2,84,42.4,69
314,keif-aldiafa-generic-strawberries-closeup-stock.webp,fruits/saudi-fresh-strawberries-luxury-hospitality-fruit.webp,1200,900,1200,900,,corner,br,7.1,88,42.1,209
