id,action,width,height,kb,source_keif_v2
1,restored,703,1200,59,
2,restored,900,1200,118,
3,restored,759,1200,54,
4,restored,720,1178,71,
5,restored,1200,675,98,
6,restored,690,1200,118,
7,rebuilt-1-center,1200,900,85,events/saudi-event-vip-reception-makkah-halal-forum-coffee-lounge.webp
8,restored,900,1200,70,
9,restored,900,1200,57,
10,restored,720,1178,108,
11,restored,681,1200,122,
12,restored,720,1178,91,
13,restored,1200,900,133,
14,restored,703,1200,158,
15,restored,900,1200,127,
16,restored,900,1200,86,
17,rebuilt-1-center,720,1178,102,events/corporate-event-qahwa-service-luxury-catering-basma-emaar.webp
18,rebuilt-1-center,720,1178,98,events/corporate-event-formal-reception-umm-al-qura-university-saudi-hosts.webp
19,restored,675,1200,162,
20,rebuilt-1-center,675,1200,197,events/majlis-traditional-attire-dates-tower-ceremonial-coffee-display.webp
21,restored,718,1200,130,
22,restored,900,1200,83,
23,restored,720,1140,70,
24,rebuilt-1-center,900,1200,154,services/artistic/mobile-table/table-2.webp
25,rebuilt-1-center,900,1200,178,services/artistic/mobile-table/table-4.webp
26,rebuilt-1-center,900,1200,154,services/artistic/mobile-table/table-5.webp
27,restored,900,1200,41,
28,rebuilt-1-center,900,1200,110,events/vip-reception-luxury-catering-millennium-hotels-golden-dallah.webp
29,rebuilt-1-center,1200,903,87,events/saudi-event-corporate-al-safir-masked-hospitality.webp
30,rebuilt-1-center,675,1200,136,events/vip-reception-corporate-event-aljar-marina-qahwa-service.webp
31,rebuilt-1-center,900,1200,131,events/saudi-event-conference-catering-bci-counter-ceremonial-coffee.webp
32,restored,960,1200,48,
33,restored,900,1200,50,
34,restored,960,1200,58,
35,rebuilt-1-center,900,1200,71,events/exhibition-alrifadah-pilgrims-services-arabic-coffee-ceremony.webp
36,rebuilt-1-center,675,1200,106,events/saudi-event-qahwa-service-hospitality-staff-exhibition-booth.webp
37,restored,900,1200,74,
38,rebuilt-1-center,900,1200,120,events/exhibition-hospitality-staff-almadina-hotel-resorts-saudi-event.webp
39,rebuilt-1-center,900,1200,112,events/royal-protocol-vip-reception-makkah-hotel-towers-majlis.webp
40,rebuilt-1-center,720,1178,135,events/official-ceremony-hospitality-staff-umm-al-qura-exhibition.webp
41,rebuilt-1-center,900,1200,68,events/riyadh-event-vip-reception-alinma-booth-ceremonial-coffee.webp
42,restored,675,1200,95,
43,rebuilt-1-center,900,1200,86,events/qahwa-service-bon-cafe-arabic-coffee-ceremony-corporate.webp
44,rebuilt-1-center,1200,675,75,events/luxury-catering-foot-locker-sneaker-host-ceremonial.webp
45,rebuilt-1-center,900,1200,104,events/corporate-event-hospitality-staff-formal-reception-saudi-hosts.webp
46,rebuilt-1-center,900,1200,65,events/ksa-event-exhibition-dallah-albarka-dates-tray-ceremonial.webp
47,rebuilt-1-center,900,1200,57,events/conference-catering-saudi-hosts-vip-reception-dallah-albaraka.webp
48,rebuilt-1-center,674,1200,77,events/corporate-event-vip-reception-dallah-albaraka-ceremonial-coffee.webp
49,rebuilt-1-center,727,1200,67,events/corporate-event-dallah-hajj-transport-ceremonial-coffee.webp
50,rebuilt-1-center,900,1200,127,events/hotel-event-dallah-taibah-luxury-catering-qahwa-service.webp
51,rebuilt-1-center,900,1200,81,events/saudi-event-conference-catering-dareen-travel-agency-indoor.webp
52,restored,675,1200,87,
53,rebuilt-1-center,900,1200,107,events/indoor-event-new-balance-foot-locker-coffee-booth.webp
54,rebuilt-1-center,900,1200,96,events/exhibition-vip-reception-foot-locker-coffee-kiosk.webp
55,restored,691,1200,48,
56,rebuilt-1-center,900,1200,134,services/artistic/photo-booth/photo-booth-3.webp
57,restored,900,1200,102,
58,restored,900,1200,123,
59,restored,900,1200,122,
60,rebuilt-1-center,900,1200,149,services/artistic/artist/artist-7.webp
61,restored,828,928,41,
62,restored,828,928,33,
63,restored,720,1178,84,
64,rebuilt-1-center,720,1178,99,events/ksa-event-exhibition-hafil-pink-luxury-catering.webp
65,restored,675,1200,60,
66,rebuilt-1-center,1200,903,62,events/saudi-event-vip-reception-luxury-retail-traditional-attire.webp
67,restored,900,1200,107,
68,restored,638,570,36,
69,rebuilt-1-center,900,1200,102,events/vip-reception-luxury-catering-menswear-boutique-host.webp
70,restored,900,1200,82,
71,restored,678,1200,48,
72,restored,900,1200,127,
73,restored,900,1200,86,
74,restored,900,1200,81,
75,restored,900,1200,91,
76,rebuilt-1-center,900,1200,80,events/indoor-event-luxury-catering-ceremonial-coffee-exhibition-reception.webp
77,rebuilt-1-center,540,1200,60,events/expo-jimny-ksa-club-saudi-hosts-gift-presentation.webp
78,restored,900,1200,77,
79,rebuilt-1-center,903,1200,132,events/indoor-event-saudi-hosts-bisht-qahwa-service-traditional.webp
80,rebuilt-1-center,675,1200,85,services/artistic/photo-booth/photo-booth-2.webp
81,restored,900,1200,161,
82,restored,900,1200,98,
83,restored,675,1200,73,
84,restored,720,870,88,
85,restored,720,1178,121,
86,restored,900,1200,71,
87,restored,675,1200,80,
88,rebuilt-1-center,675,1200,87,events/ksa-event-corporate-event-takween-al-watan-ceremonial-coffee.webp
89,rebuilt-1-center,675,1200,118,events/luxury-catering-arabic-coffee-ceremony-gala-dinner-indoor.webp
90,restored,675,1200,96,
91,restored,720,1178,79,
92,restored,720,1166,123,
93,restored,554,1200,70,
94,restored,900,1200,164,
95,restored,864,1184,77,
96,restored,900,1200,88,
97,rebuilt-1-center,900,1200,208,services/artistic/counter/counter-1.webp
98,rebuilt-1-center,1200,527,89,services/artistic/counter/counter-2.webp
99,rebuilt-nostamp,1200,509,60,hero/hero-desktop.webp
100,restored,900,1200,132,
101,rebuilt-1-center,720,1178,72,services/artistic/mobile-table/table-3.webp
102,rebuilt-1-center,681,1200,94,services/male/hosts/dagla-janbiya/dagla-janbiya-1.webp
103,rebuilt-1-center,737,1200,81,events/majlis-qahwa-service-saudi-event-camel-decor.webp
104,rebuilt-1-center,900,1200,103,events/ksa-event-qahwa-service-hospitality-staff-arabic-coffee-ceremony.webp
105,rebuilt-1-center,1200,900,130,events/saudi-event-vip-reception-luxury-catering-majlis-traditional-attire.webp
106,rebuilt-nostamp,675,1200,70,hero/hero-mobile.webp
107,rebuilt-1-center,1200,1039,176,hot-drinks/red-tea.webp
108,rebuilt-1-center,900,1200,116,hot-drinks/turkish-coffee.webp
109,rebuilt-1-center,1200,1139,173,hot-drinks/green-tea.webp
110,rebuilt-1-center,900,1200,118,hot-drinks/ginger-pineapple.webp
111,rebuilt-1-center,777,672,40,services/male/safarjia/safarjia-6.webp
112,rebuilt-nostamp,768,1091,85,services/female-services/female-7.webp
113,rebuilt-1-center,880,1200,92,services/female-services/female-3.webp
114,restored,768,1112,68,
115,rebuilt-1-center,1024,1024,178,services/female/hostesses/hostess-1.webp
116,restored,675,1200,150,
117,restored,900,1200,76,
118,rebuilt-1-center,720,1041,50,services/safarjia/safarji-3.webp
119,restored,768,1060,55,
120,restored,1200,900,163,
121,restored,1200,900,131,
122,restored,807,639,77,
123,rebuilt-nostamp,572,943,34,services/safarjia/safarjia-main-bg.webp
124,rebuilt-1-center,900,1200,62,weddings/qahwa-station-male-host-dallah-wedding-hall-ceremony.webp
125,rebuilt-1-center,675,1200,53,services/male/souqiya/souqiya-3.webp
126,rebuilt-1-center,900,1200,81,services/male/hosts/dagla/dagla-1.webp
127,rebuilt-1-center,900,1200,99,weddings/saudi-wedding-qahwa-station-dallah-white-thobe.webp
128,rebuilt-1-center,1200,801,77,weddings/saudi-wedding-male-host-arabic-coffee-luxury-wedding.webp
129,restored,271,300,14,
130,rebuilt-1-center,1200,675,133,events/formal-reception-indoor-event-saudi-hosts-luxury-catering.webp
131,restored,768,1091,85,
132,rebuilt-1-center,1200,900,138,weddings/jeddah-wedding-men-section-traditional-uniform-luxury-wedding.webp
133,rebuilt-1-center,1200,900,139,weddings/luxury-wedding-men-section-traditional-uniform-wedding-hall.webp
134,rebuilt-1-center,1200,900,139,weddings/luxury-wedding-men-section-traditional-uniform-wedding-hall.webp
135,rebuilt-1-center,768,1024,105,distributions/jeddah-vip-dates-dessert-gahwa-gift-tray.webp
136,restored,900,1200,67,
137,restored,675,1200,154,
138,restored,675,1200,67,
139,restored,271,300,11,
140,restored,1200,801,44,
141,restored,900,1200,78,
142,restored,900,1200,104,
143,rebuilt-1-center,900,1200,118,weddings/arab-wedding-male-host-qahwa-station-vip-wedding.webp
144,rebuilt-1-center,900,1200,113,weddings/saudi-wedding-male-host-coffee-vip-wedding-hall.webp
145,rebuilt-1-center,1200,801,57,weddings/saudi-wedding-men-section-male-host-dallah-traditional.webp
146,rebuilt-1-center,1200,900,168,weddings/riyadh-wedding-vip-wedding-hall-male-host.webp
147,rebuilt-1-center,1200,597,70,services/male/safarjia/safarjia-2.webp
148,rebuilt-1-center,572,795,44,services/safarjia/safarji-2.webp
149,rebuilt-1-center,958,939,65,services/male/safarjia/safarjia-3.webp
150,restored,958,788,100,
151,rebuilt-1-center,720,987,75,services/safarjia/safarji-4.webp
152,rebuilt-1-center,571,800,32,services/safarjia/safarji-1.webp
153,rebuilt-1-center,548,592,29,services/male/safarjia/safarjia-4.webp
154,rebuilt-1-center,756,1200,44,services/female/hostesses/hostess-2.webp
155,rebuilt-1-center,1200,675,88,services/male/hosts/makkawi/makkawi-1.webp
156,rebuilt-1-center,1200,675,94,services/male/hosts/makkawi/makkawi-2.webp
157,rebuilt-1-center,880,1200,96,services/female-services/female-2.webp
158,rebuilt-1-center,880,1200,63,services/female-services/female-1.webp
159,rebuilt-1-center,896,1200,84,services/female-services/female-4.webp
160,rebuilt-1-center,880,1200,55,services/female-services/female-5.webp
161,restored,828,758,28,
162,restored,675,1200,131,
163,rebuilt-1-center,896,1200,207,services/female-services/female-main-bg.webp
164,rebuilt-1-center,476,813,50,services/male/hosts/dagla/dagla-2.webp
165,rebuilt-1-center,1200,675,214,services/male/hosts/hizam/hizam-2.webp
166,restored,280,307,14,
167,restored,1080,1080,40,
168,restored,1080,1080,39,
169,restored,1000,1000,54,
170,restored,1000,1000,38,
171,restored,1080,1080,43,
172,restored,1080,1080,38,
173,restored,1000,1000,30,
174,restored,1000,1000,67,
175,restored,1080,1080,68,
176,restored,1000,1000,34,
177,restored,1080,1080,44,
178,restored,1080,1080,44,
179,restored,1080,1080,50,
180,restored,1080,1080,39,
181,restored,900,1200,88,
182,restored,1080,1080,47,
183,restored,1080,1080,44,
184,restored,900,1200,99,
185,restored,1080,1080,48,
186,restored,1080,1080,38,
187,restored,1080,1080,54,
188,restored,900,1200,97,
189,rebuilt-1-center,900,1200,111,equipment/saudi-arabic-coffee-vip-golden-cup-stand-majlis.webp
190,rebuilt-1-center,900,1200,167,services/male/souqiya/souqiya-4.webp
191,restored,900,1200,48,
192,restored,1200,675,73,
193,restored,900,1200,80,
194,restored,280,307,12,
195,rebuilt-1-center,900,1200,85,services/male/souqiya/souqiya-5.webp
196,rebuilt-1-center,678,678,47,equipment/vip-saudi-golden-dallah-dates-table.webp
197,restored,1080,1080,42,
198,rebuilt-1-center,900,1200,66,services/male/souqiya/souqiya-6.webp
199,restored,1080,1080,48,
200,restored,1080,1080,58,
201,rebuilt-1-center,880,1200,107,services/sawas/sawas-style-2.webp
202,rebuilt-1-center,880,1200,119,services/sawas/sawas-style-4.webp
203,rebuilt-1-center,546,1200,91,services/male/sawas/sawas-5.webp
204,rebuilt-1-center,595,1200,83,services/male/sawas/sawas-3.webp
205,restored,1080,1080,43,
206,restored,1000,1000,39,
207,restored,1080,1080,37,
208,restored,1080,1080,41,
209,restored,1000,1000,26,
210,restored,900,1200,37,
211,restored,1080,1080,48,
212,restored,1000,1000,13,
213,rebuilt-1-center,478,823,90,dates/stuffed-dates.webp
214,rebuilt-1-center,1200,800,143,sweets/saudi-traditional-baklava-kunafa-pistachio-fruit-platter.webp
215,rebuilt-1-center,1200,801,137,sweets/saudi-fruit-platter-baklava-pistachio-dessert.webp
216,restored,1200,675,164,
217,rebuilt-1-center,1200,675,87,services/male/souqiya/souqiya-2.webp
218,rebuilt-1-center,1200,540,117,sweets/saudi-luxury-dessert-buffet-mini-cakes-shooters.webp
219,restored,835,1000,81,
220,rebuilt-1-center,900,1200,163,services/artistic/buffet/buffet-2.webp
221,rebuilt-1-center,666,1000,57,dates/palm-khalas-stuffed.webp
222,rebuilt-1-center,666,1000,58,distributions/saudi-luxury-palm-date-sweets-distribution.webp
223,rebuilt-1-center,900,1200,173,equipment/royal-saudi-gold-qahwa-dates-service.webp
224,rebuilt-1-center,1200,1200,111,dates/palm-sukari-stuffed.webp
225,rebuilt-1-center,1200,675,136,sweets/saudi-elegant-dessert-buffet-panna-cotta-shooters.webp
226,rebuilt-1-center,1200,540,128,sweets/saudi-luxury-dessert-buffet-chocolate-mousse-basbousa.webp
227,rebuilt-1-center,516,1200,106,sweets/saudi-luxury-dessert-station-fresh-fruit-mix.webp
228,restored,1200,900,114,
229,rebuilt-1-center,1165,960,123,sweets/saudi-elegant-dessert-station-mango-panna-cotta-red-velvet.webp
230,rebuilt-1-center,720,900,123,pastry/arabic-pastry.webp
231,rebuilt-1-center,675,1200,130,services/artistic/buffet/buffet-3.webp
232,rebuilt-1-center,1080,837,86,equipment/jeddah-luxury-ornate-tea-cup-saucer.webp
233,restored,900,1200,61,
234,restored,720,720,98,
235,rebuilt-1-center,900,1200,190,services/artistic/buffet/buffet-1.webp
236,restored,600,600,19,
237,rebuilt-1-center,1200,801,65,equipment/saudi-hospitality-glass-tea-set-equipment.webp
238,restored,900,1200,166,
239,restored,1000,1000,63,
240,rebuilt-1-center,1200,900,163,services/artistic/heritage-tent/tent-2.webp
241,rebuilt-1-center,280,316,30,services/male/souqiya/souqiya-8.webp
242,rebuilt-1-center,1024,1200,77,dates/stuffed-dates-5.webp
243,rebuilt-1-center,918,1200,77,dates/palm-sukari.webp
244,rebuilt-1-center,1200,900,193,services/artistic/heritage-tent/tent-3.webp
245,rebuilt-1-center,900,1200,44,sandwiches/saudi-catering-turkey-cheese-tomato-long-sandwich.webp
246,restored,500,500,18,
247,restored,900,778,147,
248,rebuilt-1-center,1200,675,122,distributions/riyadh-luxury-hospitality-gift-tray-qahwa-ceremony.webp
249,restored,900,1200,73,
250,rebuilt-1-center,1100,1100,88,snacks/saudi-mini-beef-sliders-cheese-luxury-catering.webp
251,rebuilt-1-center,478,823,93,distributions/ksa-dates-arabic-sweets-gahwa-distribution.webp
252,rebuilt-1-center,900,1200,200,services/artistic/heritage-tent/tent-1.webp
253,restored,736,736,50,
254,rebuilt-1-center,807,632,77,hot-drinks/sahlab.webp
255,rebuilt-1-center,1172,1200,136,hot-drinks/cappuccino.webp
256,rebuilt-1-center,900,1200,48,sandwiches/saudi-catering-tuna-salad-sandwich-long-roll.webp
257,restored,736,752,37,
258,restored,675,1200,149,
259,restored,770,1200,97,
260,rebuilt-1-center,675,1200,215,services/male/sawas/sawas-1.webp
261,rebuilt-1-center,800,1200,162,services/sawas/sawas-main.webp
262,rebuilt-1-center,726,1200,198,services/male/sawas/sawas-2.webp
263,rebuilt-1-center,1200,900,232,services/artistic/folkband/folkband-1.webp
264,restored,828,817,63,
265,rebuilt-1-center,828,1073,53,services/artistic/artist/artist-2.webp
266,restored,828,748,53,
267,rebuilt-1-center,900,1200,219,services/artistic/artist/artist-8.webp
268,rebuilt-1-center,900,1200,166,services/artistic/artist/artist-9.webp
269,restored,1200,900,157,
270,restored,1200,675,158,
271,rebuilt-1-center,880,1200,140,services/sawas/sawas-style-1.webp
272,restored,800,1200,92,
273,rebuilt-1-center,900,1200,155,services/artistic/photo-booth/photo-booth-5.webp
274,rebuilt-1-center,675,1200,177,services/artistic/folkband/folkband-2.webp
275,rebuilt-1-center,880,1200,100,services/sawas/sawas-style-3.webp
276,rebuilt-1-center,867,1200,55,cold-drinks/fresh-juice.webp
277,rebuilt-1-center,889,1200,131,fruits/saudi-red-green-grapes-premium-catering-fruit.webp
278,rebuilt-1-center,1200,799,189,fruits/saudi-fresh-sliced-kiwi-luxury-hospitality-fruit.webp
279,rebuilt-1-center,889,1200,183,fruits/saudi-mixed-berries-bowl-premium-catering-fruit.webp
280,rebuilt-1-center,1200,1179,130,fruits/saudi-fresh-pineapple-slices-premium-catering-fruit.webp
281,rebuilt-nostamp,1137,417,31,services/male/safarjia/safarjia-1.webp
282,rebuilt-nostamp,1200,513,45,services/male/souqiya/souqiya-1.webp
283,restored,1100,1100,140,
284,rebuilt-1-center,736,1103,121,pastry/assorted-pastry.webp
285,rebuilt-1-center,600,600,30,dates/dates-plain.webp
286,rebuilt-1-center,1100,1100,132,snacks/saudi-italian-bruschetta-tomato-basil-luxury-appetizer.webp
287,rebuilt-1-center,900,1200,37,sandwiches/saudi-catering-grilled-chicken-sandwich-lettuce-cheese.webp
288,rebuilt-1-center,736,920,87,sweets/chocolate-croissant.webp
289,rebuilt-1-center,1100,1100,122,snacks/saudi-crispy-chicken-popcorn-bites-honey-mustard.webp
290,rebuilt-1-center,800,1035,62,cold-drinks/tamarind.webp
291,restored,1000,1000,40,
292,rebuilt-1-center,1100,1100,141,snacks/saudi-golden-potato-cheese-croquettes-luxury-catering.webp
293,rebuilt-1-center,500,500,22,cold-drinks/smoothie.webp
294,rebuilt-1-center,575,653,40,pastry/fruit-pie.webp
295,rebuilt-1-center,828,683,45,cold-drinks/sobia.webp
296,rebuilt-1-center,970,646,52,fruits/saudi-fresh-figs-luxury-hospitality-fruit.webp
297,rebuilt-1-center,500,750,33,cold-drinks/iced-latte.webp
298,rebuilt-1-center,735,1099,58,sweets/kunafa.webp
299,rebuilt-1-center,1100,1100,144,snacks/saudi-loaded-nachos-cheese-jalapeno-vip-snacks.webp
300,rebuilt-1-center,720,720,61,pastry/appetizers.webp
301,rebuilt-1-center,1100,1100,128,snacks/saudi-mini-margherita-pizza-luxury-catering-finger-food.webp
302,restored,340,509,23,
303,rebuilt-1-center,1100,1100,108,snacks/saudi-crispy-mozzarella-cheese-sticks-marinara-snacks.webp
304,rebuilt-1-center,1100,1100,98,snacks/saudi-crispy-spring-rolls-sweet-chili-luxury-snacks.webp
305,rebuilt-1-center,969,1024,96,fruits/saudi-fresh-pomegranate-premium-catering-fruit.webp
306,rebuilt-1-center,1100,1100,109,snacks/saudi-crispy-golden-potato-wedges-rosemary-catering.webp
307,rebuilt-1-center,1024,768,54,cold-drinks/karkade.webp
308,rebuilt-1-center,1200,799,47,fruits/saudi-fresh-mango-cubes-luxury-hospitality-fruit.webp
309,rebuilt-1-center,900,1200,35,sandwiches/saudi-catering-turkey-sandwich-soft-roll-tomato.webp
310,rebuilt-1-center,900,1200,41,sandwiches/saudi-catering-smoked-turkey-cheese-tomato-sandwich.webp
311,rebuilt-1-center,900,1200,46,sandwiches/saudi-catering-chicken-cheese-sandwich-long-roll.webp
312,rebuilt-1-center,900,1200,42,sandwiches/saudi-catering-tuna-sandwich-sesame-bun.webp
313,restored,988,1000,65,
314,rebuilt-1-center,1200,900,163,fruits/saudi-fresh-strawberries-luxury-hospitality-fruit.webp
