title,caption
"ضيافة كيف الضيافة في استقبال مرسى الجار — غرفة المدينة","استقبال مرسى الجار — غرفة المدينة"
"ضيافة كيف الضيافة في مؤتمر ومعرض الحج بجدة","مؤتمر ومعرض الحج بجدة"
"ضيافة كيف الضيافة في جناح كلية ابن سينا الأهلية","جناح كلية ابن سينا الأهلية"
"ضيافة كيف الضيافة في احتفال أمانة جدة باليوم الوطني 94","احتفال أمانة جدة باليوم الوطني 94"
"ضيافة كيف الضيافة في خيمة التراث — كرسي الملك سلمان لدراسات التاريخ","خيمة التراث — كرسي الملك سلمان لدراسات التاريخ"
"ضيافة كيف الضيافة في جناح أمانة المدينة المنورة — معرض غرفة جدة","جناح أمانة المدينة المنورة — معرض غرفة جدة"
"ضيافة كيف الضيافة في منتدى مكة للحلال","منتدى مكة للحلال"
"ضيافة كيف الضيافة في جناح وزارة الحج والعمرة — حفاوة","جناح وزارة الحج والعمرة — حفاوة"
"ضيافة كيف الضيافة في جناح وزارة الإعلام","جناح وزارة الإعلام"
"ضيافة كيف الضيافة في جناح وزارة النقل والخدمات اللوجستية","جناح وزارة النقل والخدمات اللوجستية"
"استقبال رسمي بالقهوة والبخور — كيف الضيافة","استقبال رسمي بالقهوة والبخور"
"ضيافة كيف الضيافة في فعالية الشركة السعودية للكهرباء","فعالية الشركة السعودية للكهرباء"
"ضيافة اليوم الوطني 92 — كيف الضيافة","ضيافة اليوم الوطني 92"
"ضيافة كيف الضيافة في معرض السعودية وأوقاف","معرض السعودية وأوقاف"
"ضيافة كيف الضيافة في فعالية مجموعة السعودية للأمن السيبراني","فعالية مجموعة السعودية للأمن السيبراني"
"ضيافة كيف الضيافة في جناح مكتب شؤون حجاج تركيا","جناح مكتب شؤون حجاج تركيا"
"ضيافة كيف الضيافة في جناح جامعة أم القرى","جناح جامعة أم القرى"
"ضيافة كيف الضيافة في جناح جامعة أم القرى — 2","جناح جامعة أم القرى"
"ضيافة كيف الضيافة في احتفال 75 عاماً لشركة","احتفال 75 عاماً لشركة"
"ضيافة كيف الضيافة في احتفال 75 عاماً — 2","احتفال 75 عاماً"
"مرآة تصوير كيف الضيافة في فعالية أديداس وهاكيت لندن","مرآة تصوير كيف الضيافة في فعالية أديداس وهاكيت لندن"
"ضيافة كيف الضيافة في جناح مخطط أجدال — الإنماء للاستثمار","جناح مخطط أجدال — الإنماء للاستثمار"
"ضيافة كيف الضيافة في شركة الأمجاد","شركة الأمجاد"
"ضيافة كيف الضيافة في مختبرات البرج","مختبرات البرج"
"ضيافة كيف الضيافة في مختبرات البرج — 2","مختبرات البرج"
"ضيافة كيف الضيافة في مختبرات البرج — 3","مختبرات البرج"
"ضيافة كيف الضيافة في صالة عرض المفتاح","صالة عرض المفتاح"
"ضيافة كيف الضيافة في جناح فنادق الريان المكية","جناح فنادق الريان المكية"
"ضيافة كيف الضيافة في جناح السفير — الوطنية","جناح السفير — الوطنية"
"ضيافة كيف الضيافة في جناح الوسام المتميزة للنقل","جناح الوسام المتميزة للنقل"
"ضيافة كيف الضيافة في جناح الإنماء — كيان","جناح الإنماء — كيان"
"ضيافة كيف الضيافة في جناح مجموعة المانع الطبية — 3","جناح مجموعة المانع الطبية"
"ضيافة كيف الضيافة في جناح مجموعة المانع الطبية — 1","جناح مجموعة المانع الطبية"
"ضيافة كيف الضيافة في جناح مجموعة المانع الطبية — 2","جناح مجموعة المانع الطبية"
"ضيافة كيف الضيافة في جناح شركة الرفادة","جناح شركة الرفادة"
"ضيافة كيف الضيافة في جناح الواجهات الغربية للمقاولات","جناح الواجهات الغربية للمقاولات"
"ضيافة كيف الضيافة في جناح أماك للتعدين","جناح أماك للتعدين"
"ضيافة كيف الضيافة في جناح أمجاد السلام للفنادق","جناح أمجاد السلام للفنادق"
"ضيافة كيف الضيافة في جناح فندق أنجم مكة","جناح فندق أنجم مكة"
"ضيافة كيف الضيافة في جناح مجموعة بسمة إعمار","جناح مجموعة بسمة إعمار"
"ضيافة كيف الضيافة في جناح الصناعات الكيميائية الأساسية BCI","جناح الصناعات الكيميائية الأساسية BCI"
"ضيافة كيف الضيافة في جناح بولت — معرض غرفة جدة","جناح بولت — معرض غرفة جدة"
"ضيافة كيف الضيافة في جناح بون كافيه","جناح بون كافيه"
"ضيافة كيف الضيافة أمام بوتيكات فاخرة — برونيلو كوتشينيلي","ضيافة كيف الضيافة أمام بوتيكات فاخرة — برونيلو كوتشينيلي"
"ضيافة كيف الضيافة في جناح دلة البركة — 1","جناح دلة البركة"
"ضيافة كيف الضيافة في جناح دلة البركة — 2","جناح دلة البركة"
"ضيافة كيف الضيافة في جناح دلة البركة — 3","جناح دلة البركة"
"ضيافة كيف الضيافة في جناح دلة البركة — 4","جناح دلة البركة"
"ضيافة كيف الضيافة في جناح دلة لنقل الحجاج","جناح دلة لنقل الحجاج"
"ضيافة كيف الضيافة في جناح فندق دلة طيبة","جناح فندق دلة طيبة"
"ضيافة كيف الضيافة في جناح وكالة دارين للسفر","جناح وكالة دارين للسفر"
"ضيافة كيف الضيافة في مقر شركة داود التجارية","مقر شركة داود التجارية"
"ضيافة كيف الضيافة في افتتاح قصر التنين بجدة — 1","افتتاح قصر التنين بجدة"
"ضيافة كيف الضيافة في افتتاح قصر التنين بجدة — 2","افتتاح قصر التنين بجدة"
"ضيافة كيف الضيافة في جناح طيران أديل","جناح طيران أديل"
"مرآة التصوير من كيف الضيافة في فوت لوكر — رد سي مول","مرآة التصوير من كيف الضيافة في فوت لوكر — رد سي مول"
"ركن الطباعة والخط العربي من كيف الضيافة — اليوم الوطني في فوت لوكر","ركن الطباعة والخط العربي من كيف الضيافة — اليوم الوطني في فوت لوكر"
"كشك قهوة كيف الضيافة في فوت لوكر — نيو بالانس — 1","كشك قهوة في فوت لوكر — نيو بالانس"
"كشك قهوة كيف الضيافة في فوت لوكر — نيو بالانس — 2","كشك قهوة في فوت لوكر — نيو بالانس"
"خطاطة كيف الضيافة في فعالية فوت لوكر","خطاطة كيف الضيافة في فعالية فوت لوكر"
"خطاط كيف الضيافة في فعالية GAIB Furniture","خطاط كيف الضيافة في فعالية GAIB Furniture"
"خطاط كيف الضيافة في فعالية GAIB Furniture — 2","خطاط كيف الضيافة في فعالية GAIB Furniture"
"ضيافة كيف الضيافة في جناح دار الفخامة","جناح دار الفخامة"
"ضيافة كيف الضيافة في جناح حافل","جناح حافل"
"ضيافة كيف الضيافة في فعالية «حلمنا الغلياء»","فعالية «حلمنا الغلياء»"
"ضيافة كيف الضيافة في افتتاح محل أيقونيكا","افتتاح محل أيقونيكا"
"ضيافة كيف الضيافة في جناح إشراق المدينة — فنادق MIAS","جناح إشراق المدينة — فنادق MIAS"
"ضيافة كيف الضيافة في جناح شركة وسط جدة للتطوير","جناح شركة وسط جدة للتطوير"
"ضيافة كيف الضيافة في بوتيك أزياء رجالية","بوتيك أزياء رجالية"
"ضيافة كيف الضيافة في جناح فندق وأبراج مكة — 1","جناح فندق وأبراج مكة"
"ضيافة كيف الضيافة في جناح فندق وأبراج مكة — 2","جناح فندق وأبراج مكة"
"ضيافة كيف الضيافة في جناح مكيون الذهبية","جناح مكيون الذهبية"
"ضيافة كيف الضيافة في جناح مناسك المشاعر — 1","جناح مناسك المشاعر"
"ضيافة كيف الضيافة في جناح مناسك المشاعر — 2","جناح مناسك المشاعر"
"ضيافة كيف الضيافة في جناح فنادق ميلينيوم","جناح فنادق ميلينيوم"
"ضيافة كيف الضيافة في جناح مشروع نهضة بارك فيو 113","جناح مشروع نهضة بارك فيو 113"
"ضيافة كيف الضيافة في جناح نجيب أوتو — Jimny KSA Club","جناح نجيب أوتو — Jimny KSA Club"
"ضيافة كيف الضيافة في معرض نجيب أوتو — سوزوكي — 3","معرض نجيب أوتو — سوزوكي"
"ضيافة كيف الضيافة في جناح النايفات للتمويل","جناح النايفات للتمويل"
"مرآة التصوير من كيف الضيافة في متجر نيو بالانس","مرآة التصوير من كيف الضيافة في متجر نيو بالانس"
"مرآة تصوير كيف الضيافة في فعالية أومودا C5","مرآة تصوير كيف الضيافة في فعالية أومودا C5"
"ضيافة كيف الضيافة في جناح أسس الإنشاء","جناح أسس الإنشاء"
"ضيافة كيف الضيافة في جناح رواحل المشاعر","جناح رواحل المشاعر"
"ضيافة كيف الضيافة في جناح صفوة الشعائر","جناح صفوة الشعائر"
"ضيافة كيف الضيافة في جناح سجى لحلول الضيافة","جناح سجى لحلول الضيافة"
"ضيافة كيف الضيافة في صالة سوزوكي — نجيب أوتو — 1","صالة سوزوكي — نجيب أوتو"
"ضيافة كيف الضيافة في صالة سوزوكي — نجيب أوتو — 2","صالة سوزوكي — نجيب أوتو"
"ضيافة كيف الضيافة في جناح تكوين الوطن","جناح تكوين الوطن"
"ضيافة كيف الضيافة في جناح توكيل — 1","جناح توكيل"
"ضيافة كيف الضيافة في جناح توكيل — 2","جناح توكيل"
"ضيافة كيف الضيافة في جناح شركة الطيران الخاص","جناح شركة الطيران الخاص"
"ضيافة كيف الضيافة في جناح شركة الطيران الخاص — 2","جناح شركة الطيران الخاص"
"ضيافة كيف الضيافة في بهو شركة يورك — 2","بهو شركة يورك"
"ضيافة كيف الضيافة في فعالية يورك","فعالية يورك"
"تعطير البخور من كيف الضيافة في قاعة مافيرا — 1","تعطير البخور من كيف الضيافة في قاعة مافيرا"
"تعطير البخور من كيف الضيافة في قاعة مافيرا — 2","تعطير البخور من كيف الضيافة في قاعة مافيرا"
"ركن القهوة الذهبي الليلي — كيف الضيافة","ركن القهوة الذهبي الليلي"
"ركن الضيافة الذهبي — كيف الضيافة","ركن الضيافة الذهبي"
"ضيافة مجلس كبير — كيف الضيافة","ضيافة مجلس كبير"
"مباشرين قهوة كيف الضيافة في قاعة أفراح","مباشرين قهوة كيف الضيافة في قاعة أفراح"
"ركن قهوة كيف الضيافة","ركن قهوة كيف الضيافة"
"قهوجي كيف الضيافة يحمل صينية القهوة","قهوجي يحمل صينية القهوة"
"ركن ضيافة بثيم — كيف الضيافة","ركن ضيافة بثيم"
"قهوجي كيف الضيافة بالعلم السعودي","قهوجي بالعلم السعودي"
"ضيافة المجالس بالقهوة والبخور — كيف الضيافة","ضيافة المجالس بالقهوة والبخور"
"استقبال بالبخور والقهوة — كيف الضيافة","استقبال بالبخور والقهوة"
"تقديم الشاي — كيف الضيافة","تقديم الشاي"
"قهوة تركية بالتقديم الفاخر — كيف الضيافة","قهوة تركية بالتقديم الفاخر"
"شاي أخضر بالتقديم الفاخر — كيف الضيافة","شاي أخضر بالتقديم الفاخر"
"تقديم العصائر — كيف الضيافة","تقديم العصائر"
"طاقم ضيافة كيف الضيافة بالزي الموحد","طاقم ضيافة كيف الضيافة بالزي الموحد"
"فريق الخدمات النسائية — كيف الضيافة","فريق الخدمات النسائية"
"مضيفة كيف الضيافة تقدم المشروبات","مضيفة تقدم المشروبات"
"مضيفات كيف الضيافة في قاعة أفراح","مضيفات في قاعة أفراح"
"فريق المضيفات — كيف الضيافة","فريق المضيفات"
"قهوجيين كيف الضيافة في قاعة أفراح","قهوجيين في قاعة أفراح"
"قهوجيين كيف الضيافة بالثوب والصديري","قهوجيين بالثوب والصديري"
"مباشرين كيف الضيافة في الفندق","مباشرين في الفندق"
"مضيفات كيف الضيافة بالصواني الفضية في قاعة زواج","مضيفات بالصواني الفضية في قاعة زواج"
"فريق قهوجيين كيف الضيافة في قاعة زواج — 2","فريق قهوجيين في قاعة زواج"
"فريق قهوجيين كيف الضيافة في قاعة زواج — جدة","فريق قهوجيين في قاعة زواج — جدة"
"تقديم شاي الكرك — كيف الضيافة","تقديم شاي الكرك"
"خدمات السفرجية — كيف الضيافة","خدمات السفرجية"
"استقبال الضيوف بالبخور — كيف الضيافة","استقبال الضيوف بالبخور"
"قهوجي كيف الضيافة بالزي التراثي الذهبي","قهوجي بالزي التراثي الذهبي"
"صب القهوة العربية في قاعة أفراح — كيف الضيافة","صب القهوة العربية في قاعة أفراح"
"تقديم البخور للضيوف — كيف الضيافة","تقديم البخور للضيوف"
"تقديم فنجان القهوة العربية — كيف الضيافة","تقديم فنجان القهوة العربية"
"صف قهوجيين كيف الضيافة بالدقلة السوداء","صف قهوجيين كيف الضيافة بالدقلة السوداء"
"بوفيه الحلا والقهوة في استقبال فعالية — كيف الضيافة","بوفيه الحلا والقهوة في استقبال فعالية"
"فريق الخدمات النسائية — كيف الضيافة","فريق الخدمات النسائية"
"فريق قهوجيين كيف الضيافة — الدقلة السوداء 2","فريق قهوجيين — الدقلة السوداء 2"
"فريق قهوجيين كيف الضيافة — الزي الأبيض","فريق قهوجيين — الزي الأبيض"
"فريق قهوجيين كيف الضيافة — 2","فريق قهوجيين"
"تقديم الشوكولاتة للضيوف — كيف الضيافة","تقديم الشوكولاتة للضيوف"
"قهوجي كيف الضيافة بالدلة الذهبية في قاعة مسرح","قهوجي بالدلة الذهبية في قاعة مسرح"
"ركن ضيافة الورد في المعرض — كيف الضيافة","ركن ضيافة الورد في المعرض"
"الطاولة المتنقلة مع القهوجي — كيف الضيافة","الطاولة المتنقلة مع القهوجي"
"قهوجيين كيف الضيافة بالبشت — قاعة","قهوجيين بالبشت — قاعة"
"تقديم القهوة للضيوف في الفندق — كيف الضيافة","تقديم القهوة للضيوف في الفندق"
"قهوجي كيف الضيافة بجانب بوفيه التمور","قهوجي بجانب بوفيه التمور"
"صب القهوة من الدلة الزجاجية الذهبية — كيف الضيافة","صب القهوة من الدلة الزجاجية الذهبية"
"ضيافة المجالس — كيف الضيافة","ضيافة المجالس"
"تقديم الضيافة في المجلس — كيف الضيافة","تقديم الضيافة في المجلس"
"قهوجيين كيف الضيافة بالدلال في قاعة فاخرة","قهوجيين بالدلال في قاعة فاخرة"
"فريق قهوجيين كيف الضيافة — الدقلة السوداء","فريق قهوجيين — الدقلة السوداء"
"فريق السفرجية بالزي الأحمر — كيف الضيافة","فريق السفرجية بالزي الأحمر"
"سفرجية كيف الضيافة بالزي الأسود والأحمر","سفرجية بالزي الأسود والأحمر"
"زي السفرجية الأسود — كيف الضيافة","زي السفرجية الأسود"
"زي السفرجية البيج — كيف الضيافة","زي السفرجية البيج"
"سفرجية كيف الضيافة بالزي البيج في قاعة أفراح","سفرجية بالزي البيج في قاعة أفراح"
"سفرجية كيف الضيافة بالمرايل السوداء","سفرجية بالمرايل السوداء"
"زي السفرجية الأبيض والأسود — كيف الضيافة","زي السفرجية الأبيض والأسود"
"مضيفات كيف الضيافة بالفساتين البيضاء","مضيفات بالفساتين البيضاء"
"سقيا زمزم — كيف الضيافة — 1","سقيا زمزم"
"سقيا زمزم — كيف الضيافة — 2","سقيا زمزم"
"صبابات قهوة كيف الضيافة بالقهوة والحلا","صبابات قهوة كيف الضيافة بالقهوة والحلا"
"مضيفات كيف الضيافة بالزي الرسمي","مضيفات بالزي الرسمي"
"مضيفات كيف الضيافة بالزي الأحمر","مضيفات بالزي الأحمر"
"صبابات قهوة كيف الضيافة — لقطة قريبة","صبابات قهوة كيف الضيافة — لقطة قريبة"
"ضيافة اليوم الوطني — كيف الضيافة","ضيافة اليوم الوطني"
"قهوجيين كيف الضيافة في استقبال زواج","قهوجيين في استقبال زواج"
"مضيفات كيف الضيافة يقدمن القهوة والحلا","مضيفات يقدمن القهوة والحلا"
"قهوجيين كيف الضيافة بالتمور والقهوة","قهوجيين بالتمور والقهوة"
"بار الشاي والقهوة — صبابين كيف الضيافة","بار الشاي والقهوة — صبابين كيف الضيافة"
"دلال — تجهيزات كيف الضيافة","دلال"
"فنجان زجاج — تجهيزات كيف الضيافة","فنجان زجاج"
"كوب زجاج ذهبي — تجهيزات كيف الضيافة","كوب زجاج ذهبي"
"كوب زجاج ذهبي — تجهيزات كيف الضيافة — 2","كوب زجاج ذهبي"
"كوب شاي مضلع — تجهيزات كيف الضيافة","كوب شاي مضلع"
"كوب بساق — تجهيزات كيف الضيافة","كوب بساق"
"كوب بساق — تجهيزات كيف الضيافة — 2","كوب بساق"
"كوب بساق — تجهيزات كيف الضيافة — 3","كوب بساق"
"كوب شاي مزخرف — تجهيزات كيف الضيافة","كوب شاي مزخرف"
"كوب شاي ذهبي مزخرف — تجهيزات كيف الضيافة","كوب شاي ذهبي مزخرف"
"كوب شاي بمقبض ذهبي — تجهيزات كيف الضيافة","كوب شاي بمقبض ذهبي"
"كوب شاي بمقبض ذهبي — تجهيزات كيف الضيافة — 2","كوب شاي بمقبض ذهبي"
"كوب زجاج بحافة ذهبية — تجهيزات كيف الضيافة","كوب زجاج بحافة ذهبية"
"كوب شاي ذهبي — تجهيزات كيف الضيافة","كوب شاي ذهبي"
"كوب زجاج بحافة ذهبية — تجهيزات كيف الضيافة — 2","كوب زجاج بحافة ذهبية"
"شجرة أكواب ذهبية — تجهيزات كيف الضيافة","شجرة أكواب ذهبية"
"كوب شاي مضلع — تجهيزات كيف الضيافة — 2","كوب شاي مضلع"
"كوب بقاعدة ذهبية — تجهيزات كيف الضيافة","كوب بقاعدة ذهبية"
"شجرة أكواب ذهبية على كاونتر — تجهيزات كيف الضيافة","شجرة أكواب ذهبية على كاونتر"
"دلة ذهبية — تجهيزات كيف الضيافة","دلة ذهبية"
"الدلة الذهبية — كتالوج تجهيزات كيف الضيافة","الدلة الذهبية — كتالوج تجهيزات كيف الضيافة"
"فناجين بورسلين بالشعار الوطني — تجهيزات كيف الضيافة","فناجين بورسلين بالشعار الوطني"
"ستاند أكواب ذهبي — تجهيزات كيف الضيافة","ستاند أكواب ذهبي"
"ستاندان أكواب ذهبيان وشاي — تجهيزات كيف الضيافة","ستاندان أكواب ذهبيان وشاي"
"معدات التقديم الذهبية — كيف الضيافة","معدات التقديم الذهبية"
"فناجين بورسلين بنخلة ذهبية — تجهيزات كيف الضيافة","فناجين بورسلين بنخلة ذهبية"
"شجرة الأكواب الذهبية — تجهيزات كيف الضيافة","شجرة الأكواب الذهبية"
"أكواب شاي بنخلة خضراء على صينية ذهبية — تجهيزات كيف الضيافة","أكواب شاي بنخلة خضراء على صينية ذهبية"
"الأباريق النحاسية الذهبية — تجهيزات كيف الضيافة","الأباريق النحاسية الذهبية"
"موزعان ذهبيان على حوامل — تجهيزات كيف الضيافة","موزعان ذهبيان على حوامل"
"دلة ذهبية على طاولة زجاج — تجهيزات كيف الضيافة","دلة ذهبية على طاولة زجاج"
"دلة ذهبية — تجهيزات كيف الضيافة — 2","دلة ذهبية"
"موزع ذهبي على حامل ثلاثي — تجهيزات كيف الضيافة","موزع ذهبي على حامل ثلاثي"
"دلة فضية — تجهيزات كيف الضيافة","دلة فضية"
"أكواب شاي بزخارف ذهبية — تجهيزات كيف الضيافة","أكواب شاي بزخارف ذهبية"
"ستاند ذهبي تراثي بخرز أزرق — تجهيزات كيف الضيافة","ستاند ذهبي تراثي بخرز أزرق"
"ستاند ذهبي تراثي (لقطة كاملة) — تجهيزات كيف الضيافة","ستاند ذهبي تراثي (لقطة كاملة)"
"المعدات الذهبية التراثية — كيف الضيافة","المعدات الذهبية التراثية"
"المعدات التراثية الذهبية — 2","المعدات التراثية الذهبية"
"دلة فضية — تجهيزات كيف الضيافة — 2","دلة فضية"
"دلة فضية بشعار K — تجهيزات كيف الضيافة","دلة فضية بشعار K"
"كوب قهوة أبيض (خلفية زرقاء) — تجهيزات كيف الضيافة","كوب قهوة أبيض (خلفية زرقاء)"
"كوب قهوة أبيض (خلفية زرقاء) — تجهيزات كيف الضيافة — 2","كوب قهوة أبيض (خلفية زرقاء)"
"كوب وصحن بشعار K الذهبي — تجهيزات كيف الضيافة","كوب وصحن بشعار K الذهبي"
"فناجين الشعار السعودي على الصينية — تجهيزات كيف الضيافة","فناجين الشعار السعودي على الصينية"
"فناجيل قهوة بشعار السعودية الذهبي — تجهيزات كيف الضيافة","فناجيل قهوة بشعار السعودية الذهبي"
"كوب البورسلين الأبيض — كتالوج تجهيزات كيف الضيافة","كوب البورسلين الأبيض — كتالوج تجهيزات كيف الضيافة"
"تمور محشوة على الصواني — كيف الضيافة","تمور محشوة على الصواني"
"بوفيه البقلاوة والفاكهة — كيف الضيافة","بوفيه البقلاوة والفاكهة"
"بوفيه البقلاوة — 2","بوفيه البقلاوة"
"مجلس بيت الشعر — كيف الضيافة","مجلس بيت الشعر"
"ركن القهوة بالدلة النحاسية — كيف الضيافة","ركن القهوة بالدلة النحاسية"
"بوفيه الحلا في الفندق — كيف الضيافة","بوفيه الحلا في الفندق"
"تمور بالكراميل والفستق — كيف الضيافة","تمور بالكراميل والفستق"
"بوفيه المعجنات — كيف الضيافة","بوفيه المعجنات"
"نخلة التمور — كيف الضيافة — 1","نخلة التمور"
"نخلة التمور — كيف الضيافة — 2","نخلة التمور"
"ركن التمور والبخور — كيف الضيافة","ركن التمور والبخور"
"صينية التمور بشكل النخلة — كيف الضيافة","صينية التمور بشكل النخلة"
"بوفيه الاجتماعات — كيف الضيافة","بوفيه الاجتماعات"
"بوفيه الحلا — كيف الضيافة","بوفيه الحلا"
"بوفيه الحلا والفاكهة — كيف الضيافة","بوفيه الحلا والفاكهة"
"بوفيه الحلا الشرقي — كيف الضيافة — 1","بوفيه الحلا الشرقي"
"بوفيه الحلا الشرقي — كيف الضيافة — 2","بوفيه الحلا الشرقي"
"معجنات الصباح — كيف الضيافة","معجنات الصباح"
"بوفيه الكانابيه — كيف الضيافة","بوفيه الكانابيه"
"تقديم الشاي على الصينية الذهبية — كيف الضيافة","تقديم الشاي على الصينية الذهبية"
"تقديم الشاي بالزهرة — كيف الضيافة","تقديم الشاي بالزهرة"
"بقلاوة بالفستق — كيف الضيافة","بقلاوة بالفستق"
"بوفيه المقبلات الذهبي — كيف الضيافة","بوفيه المقبلات الذهبي"
"شوكولاتة ملفوفة للضيافة — كيف الضيافة","شوكولاتة ملفوفة للضيافة"
"القهوة العربية — كيف الضيافة","القهوة العربية"
"كاونتر الضيافة الذهبي الليلي — كيف الضيافة","كاونتر الضيافة الذهبي الليلي"
"تمور ومكسرات على صينية ذهبية — كيف الضيافة","تمور ومكسرات على صينية ذهبية"
"ركن الخيمة التقليدية — كيف الضيافة","ركن الخيمة التقليدية"
"طقم القهوة الذهبي بالورود — كيف الضيافة","طقم القهوة الذهبي بالورود"
"تمور بالفستق وجوز الهند — كيف الضيافة","تمور بالفستق وجوز الهند"
"هرم التمور بسعف النخيل — كيف الضيافة","هرم التمور بسعف النخيل"
"ركن البوفيه بالسدو — كيف الضيافة","ركن البوفيه بالسدو"
"ساندويتش باقيت تركي — كيف الضيافة","ساندويتش باقيت تركي"
"بوكس حلويات الفستق — كيف الضيافة","بوكس حلويات الفستق"
"تمور فاخرة — كيف الضيافة","تمور فاخرة"
"طاولة الاستقبال الفاخرة — كيف الضيافة","طاولة الاستقبال الفاخرة"
"القهوة المثلجة — كيف الضيافة","القهوة المثلجة"
"ميني برجر — كيف الضيافة","ميني برجر"
"صواني التمور الفاخرة — كيف الضيافة","صواني التمور الفاخرة"
"بوفيه الحلا التقليدي — كيف الضيافة","بوفيه الحلا التقليدي"
"سمبوسة مقلية — كيف الضيافة","سمبوسة مقلية"
"السحلب على الصينية الذهبية — كيف الضيافة","السحلب على الصينية الذهبية"
"الكابتشينو على الصينية الذهبية — كيف الضيافة","الكابتشينو على الصينية الذهبية"
"باقيت التونة بالسمسم — كيف الضيافة","باقيت التونة بالسمسم"
"كيك عيد الميلاد — كيف الضيافة","كيك عيد الميلاد"
"سقّا العرقسوس — كيف الضيافة — 4","سقّا العرقسوس"
"سقّا العرقسوس بالطربوش — كيف الضيافة","سقّا العرقسوس بالطربوش"
"سقّا العرقسوس — 2","سقّا العرقسوس"
"سقّا العرقسوس يصب — 3","سقّا العرقسوس يصب"
"سقّا العرقسوس التراثي — كيف الضيافة","سقّا العرقسوس التراثي"
"عرض الطبول الشعبي — كيف الضيافة","عرض الطبول الشعبي"
"خدمة الحناء — كيف الضيافة","خدمة الحناء"
"فناجين بأسماء الضيوف — خطاط كيف الضيافة","فناجين بأسماء الضيوف — خطاط كيف الضيافة"
"ركن الخطاط — كيف الضيافة","ركن الخطاط"
"ركن الحنّاء — كيف الضيافة","ركن الحنّاء"
"ركن الحنّاء — 2","ركن الحنّاء"
"الخيمة التراثية — كيف الضيافة — 1","الخيمة التراثية"
"الخيمة التراثية — كيف الضيافة — 2","الخيمة التراثية"
"السقّا التراثي بشمعدان الأكواب — كيف الضيافة","السقّا التراثي بشمعدان الأكواب"
"مرآة التصوير — كيف الضيافة","مرآة التصوير"
"مرآة تصوير فورية — كيف الضيافة","مرآة تصوير فورية"
"الفرقة الشعبية — كيف الضيافة","الفرقة الشعبية"
"السقّا الشعبي — كيف الضيافة","السقّا الشعبي"
"بارفيه","بارفيه"
"عنب","عنب"
"كيوي","كيوي"
"توت","توت"
"أناناس","أناناس"
"إعلان خدمات السفرجية — كيف الضيافة","إعلان خدمات السفرجية"
"إعلان سقيا زمزم — كيف الضيافة","إعلان سقيا زمزم"
"كانابيه — صورة زخرفية","كانابيه"
"معجنات — صورة زخرفية","معجنات"
"تمور — صورة زخرفية","تمور"
"بروسكيتا — صورة زخرفية","بروسكيتا"
"ساندويتش — صورة زخرفية","ساندويتش"
"كرواسون — صورة زخرفية","كرواسون"
"مقبلات مقلية — صورة زخرفية","مقبلات مقلية"
"مشروب تمر هندي — صورة زخرفية","مشروب تمر هندي"
"تمور — صورة زخرفية — 2","تمور"
"كروكيت — صورة زخرفية","كروكيت"
"بارفيه — صورة زخرفية","بارفيه"
"معجنات فاكهة — صورة زخرفية","معجنات فاكهة"
"كركديه — صورة زخرفية","كركديه"
"تين — صورة زخرفية","تين"
"آيس كوفي — صورة زخرفية","آيس كوفي"
"كنافة — صورة زخرفية","كنافة"
"ناتشوز — صورة زخرفية","ناتشوز"
"مناقيش — صورة زخرفية","مناقيش"
"بيتزا صغيرة — صورة زخرفية","بيتزا صغيرة"
"موهيتو — صورة زخرفية","موهيتو"
"موزاريلا ستيكس — صورة زخرفية","موزاريلا ستيكس"
"سبرنغ رول — صورة زخرفية","سبرنغ رول"
"رمان — صورة زخرفية","رمان"
"بطاطس — صورة زخرفية","بطاطس"
"كركديه مثلج — صورة زخرفية","كركديه مثلج"
"مانجو — صورة زخرفية","مانجو"
"ساندويتش — صورة زخرفية — 2","ساندويتش"
"ساندويتش — صورة زخرفية — 3","ساندويتش"
"ساندويتش — صورة زخرفية — 4","ساندويتش"
"ساندويتش — صورة زخرفية — 5","ساندويتش"
"كرات تمر بالسمسم — صورة زخرفية","كرات تمر بالسمسم"
"فراولة","فراولة"